original,gen,transformation,ground_truth,label,IQA,CPL,CS,SSIM,VAE
C:\Users\ASUS\Desktop\research\mitacs project\paper experiments\cifar dataset\cifar_org_dataset\batch_2_8085.png,C:\Users\ASUS\Desktop\research\mitacs project\paper experiments\cifar dataset\cifar_gen_dataset\batch_2_8085.png,frost,0,0,0.872588908,6.281232,0.6691146,0.876979289,0.024675401
C:\Users\ASUS\Desktop\research\mitacs project\paper experiments\cifar dataset\cifar_org_dataset\batch_2_831.png,C:\Users\ASUS\Desktop\research\mitacs project\paper experiments\cifar dataset\cifar_gen_dataset\batch_2_831.png,frost,0,0,0.397299742,3.135152,0.61198676,0.602510094,0.002218567
C:\Users\ASUS\Desktop\research\mitacs project\paper experiments\cifar dataset\cifar_org_dataset\batch_2_8699.png,C:\Users\ASUS\Desktop\research\mitacs project\paper experiments\cifar dataset\cifar_gen_dataset\batch_2_8699.png,frost,0,0,0.807716488,2.8637588,0.784197,0.790564683,0.01273713
C:\Users\ASUS\Desktop\research\mitacs project\paper experiments\cifar dataset\cifar_org_dataset\batch_2_8742.png,C:\Users\ASUS\Desktop\research\mitacs project\paper experiments\cifar dataset\cifar_gen_dataset\batch_2_8742.png,frost,0,0,0.064438231,11.362192,0.18712455,0.022429306,0.005326971
C:\Users\ASUS\Desktop\research\mitacs project\paper experiments\cifar dataset\cifar_org_dataset\batch_2_8816.png,C:\Users\ASUS\Desktop\research\mitacs project\paper experiments\cifar dataset\cifar_gen_dataset\batch_2_8816.png,frost,0,0,0.168659955,16.600582,0.32280037,0.22689222,0.006272724
C:\Users\ASUS\Desktop\research\mitacs project\paper experiments\cifar dataset\cifar_org_dataset\batch_2_8831.png,C:\Users\ASUS\Desktop\research\mitacs project\paper experiments\cifar dataset\cifar_gen_dataset\batch_2_8831.png,frost,0,0,0.440006427,8.402483,0.5259302,0.650120924,0.009603483
C:\Users\ASUS\Desktop\research\mitacs project\paper experiments\cifar dataset\cifar_org_dataset\batch_2_8908.png,C:\Users\ASUS\Desktop\research\mitacs project\paper experiments\cifar dataset\cifar_gen_dataset\batch_2_8908.png,frost,1,1,0.298312619,13.422223,0.43022904,0.464578568,0.003847785
C:\Users\ASUS\Desktop\research\mitacs project\paper experiments\cifar dataset\cifar_org_dataset\batch_2_9088.png,C:\Users\ASUS\Desktop\research\mitacs project\paper experiments\cifar dataset\cifar_gen_dataset\batch_2_9088.png,frost,0,0,0.483761076,9.823184,0.5464826,0.76105614,0.02097389
C:\Users\ASUS\Desktop\research\mitacs project\paper experiments\cifar dataset\cifar_org_dataset\batch_2_9096.png,C:\Users\ASUS\Desktop\research\mitacs project\paper experiments\cifar dataset\cifar_gen_dataset\batch_2_9096.png,frost,0,0,0.379927569,7.902622,0.42465886,0.489639632,0.010628919
C:\Users\ASUS\Desktop\research\mitacs project\paper experiments\cifar dataset\cifar_org_dataset\batch_2_9376.png,C:\Users\ASUS\Desktop\research\mitacs project\paper experiments\cifar dataset\cifar_gen_dataset\batch_2_9376.png,frost,0,0,0.659375923,4.3655915,0.65889895,0.780694321,0.005789451
C:\Users\ASUS\Desktop\research\mitacs project\paper experiments\cifar dataset\cifar_org_dataset\batch_2_942.png,C:\Users\ASUS\Desktop\research\mitacs project\paper experiments\cifar dataset\cifar_gen_dataset\batch_2_942.png,frost,0,0,0.691475819,10.014641,0.54310036,0.927420773,0.022880195
C:\Users\ASUS\Desktop\research\mitacs project\paper experiments\cifar dataset\cifar_org_dataset\batch_2_9536.png,C:\Users\ASUS\Desktop\research\mitacs project\paper experiments\cifar dataset\cifar_gen_dataset\batch_2_9536.png,frost,0,0,0.41699197,7.0967016,0.46521807,0.587008096,0.005400547
C:\Users\ASUS\Desktop\research\mitacs project\paper experiments\cifar dataset\cifar_org_dataset\batch_2_9622.png,C:\Users\ASUS\Desktop\research\mitacs project\paper experiments\cifar dataset\cifar_gen_dataset\batch_2_9622.png,frost,0,0,0.675540187,6.968909,0.63270557,0.803418353,0.00850582
C:\Users\ASUS\Desktop\research\mitacs project\paper experiments\cifar dataset\cifar_org_dataset\batch_3_1041.png,C:\Users\ASUS\Desktop\research\mitacs project\paper experiments\cifar dataset\cifar_gen_dataset\batch_3_1041.png,frost,0,0,0.212701767,6.2975154,0.5031791,0.333256764,0.012819985
C:\Users\ASUS\Desktop\research\mitacs project\paper experiments\cifar dataset\cifar_org_dataset\batch_3_1056.png,C:\Users\ASUS\Desktop\research\mitacs project\paper experiments\cifar dataset\cifar_gen_dataset\batch_3_1056.png,frost,1,1,0.194107827,13.40476,0.25028482,0.184578699,0.007190713
C:\Users\ASUS\Desktop\research\mitacs project\paper experiments\cifar dataset\cifar_org_dataset\batch_3_1454.png,C:\Users\ASUS\Desktop\research\mitacs project\paper experiments\cifar dataset\cifar_gen_dataset\batch_3_1454.png,frost,0,1,0.675817691,6.5724015,0.5969987,0.839588824,0.017565617
C:\Users\ASUS\Desktop\research\mitacs project\paper experiments\cifar dataset\cifar_org_dataset\batch_3_152.png,C:\Users\ASUS\Desktop\research\mitacs project\paper experiments\cifar dataset\cifar_gen_dataset\batch_3_152.png,frost,0,0,0.735182262,7.0647993,0.60080975,0.870938514,0.015693419
C:\Users\ASUS\Desktop\research\mitacs project\paper experiments\cifar dataset\cifar_org_dataset\batch_3_2511.png,C:\Users\ASUS\Desktop\research\mitacs project\paper experiments\cifar dataset\cifar_gen_dataset\batch_3_2511.png,frost,0,0,0.220134197,8.365001,0.38528538,0.291874148,0.006184862
C:\Users\ASUS\Desktop\research\mitacs project\paper experiments\cifar dataset\cifar_org_dataset\batch_3_2743.png,C:\Users\ASUS\Desktop\research\mitacs project\paper experiments\cifar dataset\cifar_gen_dataset\batch_3_2743.png,frost,0,0,0.578646077,6.6703873,0.67544377,0.840544214,0.004558231
C:\Users\ASUS\Desktop\research\mitacs project\paper experiments\cifar dataset\cifar_org_dataset\batch_3_2980.png,C:\Users\ASUS\Desktop\research\mitacs project\paper experiments\cifar dataset\cifar_gen_dataset\batch_3_2980.png,frost,0,0,0.272723628,10.139769,0.44391626,0.645286964,0.008093195
C:\Users\ASUS\Desktop\research\mitacs project\paper experiments\cifar dataset\cifar_org_dataset\batch_3_2986.png,C:\Users\ASUS\Desktop\research\mitacs project\paper experiments\cifar dataset\cifar_gen_dataset\batch_3_2986.png,frost,0,0,0.186731304,12.652911,0.36582172,0.207307085,0.001721142
C:\Users\ASUS\Desktop\research\mitacs project\paper experiments\cifar dataset\cifar_org_dataset\batch_3_2994.png,C:\Users\ASUS\Desktop\research\mitacs project\paper experiments\cifar dataset\cifar_gen_dataset\batch_3_2994.png,frost,0,0,0.474320412,7.9136057,0.47145393,0.745263616,0.019095018
C:\Users\ASUS\Desktop\research\mitacs project\paper experiments\cifar dataset\cifar_org_dataset\batch_3_3315.png,C:\Users\ASUS\Desktop\research\mitacs project\paper experiments\cifar dataset\cifar_gen_dataset\batch_3_3315.png,frost,0,0,0.241034075,7.020868,0.43749338,0.239938766,0.002110688
C:\Users\ASUS\Desktop\research\mitacs project\paper experiments\cifar dataset\cifar_org_dataset\batch_3_3637.png,C:\Users\ASUS\Desktop\research\mitacs project\paper experiments\cifar dataset\cifar_gen_dataset\batch_3_3637.png,frost,0,0,0.069683637,4.66988,0.4904386,0.107464682,0.003446163
C:\Users\ASUS\Desktop\research\mitacs project\paper experiments\cifar dataset\cifar_org_dataset\batch_3_371.png,C:\Users\ASUS\Desktop\research\mitacs project\paper experiments\cifar dataset\cifar_gen_dataset\batch_3_371.png,frost,0,0,0.744091887,9.369539,0.64798594,0.907068105,0.031434617
C:\Users\ASUS\Desktop\research\mitacs project\paper experiments\cifar dataset\cifar_org_dataset\batch_3_381.png,C:\Users\ASUS\Desktop\research\mitacs project\paper experiments\cifar dataset\cifar_gen_dataset\batch_3_381.png,frost,1,1,0.340018717,16.501705,0.622673,0.421713929,0.006305789
C:\Users\ASUS\Desktop\research\mitacs project\paper experiments\cifar dataset\cifar_org_dataset\batch_3_4189.png,C:\Users\ASUS\Desktop\research\mitacs project\paper experiments\cifar dataset\cifar_gen_dataset\batch_3_4189.png,frost,0,0,0.335281073,7.180744,0.57537353,0.477717529,0.009037387
C:\Users\ASUS\Desktop\research\mitacs project\paper experiments\cifar dataset\cifar_org_dataset\batch_3_4212.png,C:\Users\ASUS\Desktop\research\mitacs project\paper experiments\cifar dataset\cifar_gen_dataset\batch_3_4212.png,frost,0,0,0.805746031,2.512931,0.7753465,0.933427907,0.008854182
C:\Users\ASUS\Desktop\research\mitacs project\paper experiments\cifar dataset\cifar_org_dataset\batch_3_4244.png,C:\Users\ASUS\Desktop\research\mitacs project\paper experiments\cifar dataset\cifar_gen_dataset\batch_3_4244.png,frost,0,0,0.156582755,5.145975,0.35503235,0.216453984,0.001162005
C:\Users\ASUS\Desktop\research\mitacs project\paper experiments\cifar dataset\cifar_org_dataset\batch_3_4508.png,C:\Users\ASUS\Desktop\research\mitacs project\paper experiments\cifar dataset\cifar_gen_dataset\batch_3_4508.png,frost,0,0,0.388495917,6.333369,0.5758817,0.475503169,0.00259152
C:\Users\ASUS\Desktop\research\mitacs project\paper experiments\cifar dataset\cifar_org_dataset\batch_3_4549.png,C:\Users\ASUS\Desktop\research\mitacs project\paper experiments\cifar dataset\cifar_gen_dataset\batch_3_4549.png,frost,0,0,0.256284922,5.7486887,0.49042946,0.456464379,0.008155044
C:\Users\ASUS\Desktop\research\mitacs project\paper experiments\cifar dataset\cifar_org_dataset\batch_3_4775.png,C:\Users\ASUS\Desktop\research\mitacs project\paper experiments\cifar dataset\cifar_gen_dataset\batch_3_4775.png,frost,0,0,0.390228548,10.278917,0.51462007,0.244225929,0.007353155
C:\Users\ASUS\Desktop\research\mitacs project\paper experiments\cifar dataset\cifar_org_dataset\batch_3_4982.png,C:\Users\ASUS\Desktop\research\mitacs project\paper experiments\cifar dataset\cifar_gen_dataset\batch_3_4982.png,frost,0,0,0.360770409,11.560746,0.47473872,0.513308112,0.015338962
C:\Users\ASUS\Desktop\research\mitacs project\paper experiments\cifar dataset\cifar_org_dataset\batch_3_5106.png,C:\Users\ASUS\Desktop\research\mitacs project\paper experiments\cifar dataset\cifar_gen_dataset\batch_3_5106.png,frost,0,0,0.859846225,2.6324944,0.8527674,0.957269495,0.016832157
C:\Users\ASUS\Desktop\research\mitacs project\paper experiments\cifar dataset\cifar_org_dataset\batch_3_5341.png,C:\Users\ASUS\Desktop\research\mitacs project\paper experiments\cifar dataset\cifar_gen_dataset\batch_3_5341.png,frost,0,0,0.195867275,5.771218,0.45780668,0.276476755,0.006581376
C:\Users\ASUS\Desktop\research\mitacs project\paper experiments\cifar dataset\cifar_org_dataset\batch_3_5424.png,C:\Users\ASUS\Desktop\research\mitacs project\paper experiments\cifar dataset\cifar_gen_dataset\batch_3_5424.png,frost,0,0,0.778499401,2.9982665,0.82292706,0.910947566,0.007708709
C:\Users\ASUS\Desktop\research\mitacs project\paper experiments\cifar dataset\cifar_org_dataset\batch_3_5608.png,C:\Users\ASUS\Desktop\research\mitacs project\paper experiments\cifar dataset\cifar_gen_dataset\batch_3_5608.png,frost,1,1,0.583019887,11.194812,0.7016062,0.903068166,0.021940411
C:\Users\ASUS\Desktop\research\mitacs project\paper experiments\cifar dataset\cifar_org_dataset\batch_3_5701.png,C:\Users\ASUS\Desktop\research\mitacs project\paper experiments\cifar dataset\cifar_gen_dataset\batch_3_5701.png,frost,0,0,0.391827224,4.5340242,0.49244452,0.761929664,0.005084943
C:\Users\ASUS\Desktop\research\mitacs project\paper experiments\cifar dataset\cifar_org_dataset\batch_3_5756.png,C:\Users\ASUS\Desktop\research\mitacs project\paper experiments\cifar dataset\cifar_gen_dataset\batch_3_5756.png,frost,0,0,0.135573278,3.2048957,0.54510105,0.16432063,0.001318865
C:\Users\ASUS\Desktop\research\mitacs project\paper experiments\cifar dataset\cifar_org_dataset\batch_3_5862.png,C:\Users\ASUS\Desktop\research\mitacs project\paper experiments\cifar dataset\cifar_gen_dataset\batch_3_5862.png,frost,0,0,0.633690276,5.4289327,0.7128503,0.781225996,0.019149617
C:\Users\ASUS\Desktop\research\mitacs project\paper experiments\cifar dataset\cifar_org_dataset\batch_3_6032.png,C:\Users\ASUS\Desktop\research\mitacs project\paper experiments\cifar dataset\cifar_gen_dataset\batch_3_6032.png,frost,0,0,0.241599594,11.207837,0.37208247,0.478108267,0.004150136
C:\Users\ASUS\Desktop\research\mitacs project\paper experiments\cifar dataset\cifar_org_dataset\batch_3_6117.png,C:\Users\ASUS\Desktop\research\mitacs project\paper experiments\cifar dataset\cifar_gen_dataset\batch_3_6117.png,frost,1,1,0.649037175,5.2179174,0.8240834,0.74130129,0.005661476
C:\Users\ASUS\Desktop\research\mitacs project\paper experiments\cifar dataset\cifar_org_dataset\batch_3_6175.png,C:\Users\ASUS\Desktop\research\mitacs project\paper experiments\cifar dataset\cifar_gen_dataset\batch_3_6175.png,frost,0,0,0.418778861,7.8305793,0.32445157,0.392322984,0.005969134
C:\Users\ASUS\Desktop\research\mitacs project\paper experiments\cifar dataset\cifar_org_dataset\batch_3_6280.png,C:\Users\ASUS\Desktop\research\mitacs project\paper experiments\cifar dataset\cifar_gen_dataset\batch_3_6280.png,frost,0,0,0.137225839,7.322751,0.4078195,0.423859081,0.005757022
C:\Users\ASUS\Desktop\research\mitacs project\paper experiments\cifar dataset\cifar_org_dataset\batch_3_6401.png,C:\Users\ASUS\Desktop\research\mitacs project\paper experiments\cifar dataset\cifar_gen_dataset\batch_3_6401.png,frost,0,0,0.796263689,11.499104,0.6103777,0.951407083,0.043135227
C:\Users\ASUS\Desktop\research\mitacs project\paper experiments\cifar dataset\cifar_org_dataset\batch_3_6432.png,C:\Users\ASUS\Desktop\research\mitacs project\paper experiments\cifar dataset\cifar_gen_dataset\batch_3_6432.png,frost,0,0,0.107415044,6.934643,0.31381267,0.153897053,0.002523445
C:\Users\ASUS\Desktop\research\mitacs project\paper experiments\cifar dataset\cifar_org_dataset\batch_3_6499.png,C:\Users\ASUS\Desktop\research\mitacs project\paper experiments\cifar dataset\cifar_gen_dataset\batch_3_6499.png,frost,0,0,0.411355858,10.512058,0.4957071,0.581888762,0.014161297
C:\Users\ASUS\Desktop\research\mitacs project\paper experiments\cifar dataset\cifar_org_dataset\batch_3_6596.png,C:\Users\ASUS\Desktop\research\mitacs project\paper experiments\cifar dataset\cifar_gen_dataset\batch_3_6596.png,frost,1,1,0.49431615,9.814319,0.6196983,0.663675209,0.008091814
C:\Users\ASUS\Desktop\research\mitacs project\paper experiments\cifar dataset\cifar_org_dataset\batch_3_6859.png,C:\Users\ASUS\Desktop\research\mitacs project\paper experiments\cifar dataset\cifar_gen_dataset\batch_3_6859.png,frost,0,0,0.529226831,8.350761,0.40976548,0.608153516,0.008238112
C:\Users\ASUS\Desktop\research\mitacs project\paper experiments\cifar dataset\cifar_org_dataset\batch_3_6898.png,C:\Users\ASUS\Desktop\research\mitacs project\paper experiments\cifar dataset\cifar_gen_dataset\batch_3_6898.png,frost,0,0,0.389468661,9.203207,0.48280448,0.577262225,0.005985313
C:\Users\ASUS\Desktop\research\mitacs project\paper experiments\cifar dataset\cifar_org_dataset\batch_3_7191.png,C:\Users\ASUS\Desktop\research\mitacs project\paper experiments\cifar dataset\cifar_gen_dataset\batch_3_7191.png,frost,0,0,0.898445273,5.131221,0.7520847,0.983795471,0.017441675
C:\Users\ASUS\Desktop\research\mitacs project\paper experiments\cifar dataset\cifar_org_dataset\batch_3_7218.png,C:\Users\ASUS\Desktop\research\mitacs project\paper experiments\cifar dataset\cifar_gen_dataset\batch_3_7218.png,frost,0,0,0.727208599,10.920624,0.6070217,0.918546052,0.016804169
C:\Users\ASUS\Desktop\research\mitacs project\paper experiments\cifar dataset\cifar_org_dataset\batch_3_7407.png,C:\Users\ASUS\Desktop\research\mitacs project\paper experiments\cifar dataset\cifar_gen_dataset\batch_3_7407.png,frost,0,0,0.272646109,3.7548237,0.46897554,0.319936889,0.001110065
C:\Users\ASUS\Desktop\research\mitacs project\paper experiments\cifar dataset\cifar_org_dataset\batch_3_7573.png,C:\Users\ASUS\Desktop\research\mitacs project\paper experiments\cifar dataset\cifar_gen_dataset\batch_3_7573.png,frost,0,0,0.414689853,15.1785555,0.4561636,0.722168286,0.018605403
C:\Users\ASUS\Desktop\research\mitacs project\paper experiments\cifar dataset\cifar_org_dataset\batch_3_7614.png,C:\Users\ASUS\Desktop\research\mitacs project\paper experiments\cifar dataset\cifar_gen_dataset\batch_3_7614.png,frost,0,0,0.744075947,3.5948708,0.76039755,0.865319297,0.006211041
C:\Users\ASUS\Desktop\research\mitacs project\paper experiments\cifar dataset\cifar_org_dataset\batch_3_7741.png,C:\Users\ASUS\Desktop\research\mitacs project\paper experiments\cifar dataset\cifar_gen_dataset\batch_3_7741.png,frost,0,0,0.822194327,4.466514,0.7278919,0.90604263,0.025276359
C:\Users\ASUS\Desktop\research\mitacs project\paper experiments\cifar dataset\cifar_org_dataset\batch_3_7878.png,C:\Users\ASUS\Desktop\research\mitacs project\paper experiments\cifar dataset\cifar_gen_dataset\batch_3_7878.png,frost,0,0,0.661211213,5.078448,0.59947836,0.793337651,0.007112614
C:\Users\ASUS\Desktop\research\mitacs project\paper experiments\cifar dataset\cifar_org_dataset\batch_3_7949.png,C:\Users\ASUS\Desktop\research\mitacs project\paper experiments\cifar dataset\cifar_gen_dataset\batch_3_7949.png,frost,1,1,0.481703521,14.108029,0.58095014,0.862859775,0.03093634
C:\Users\ASUS\Desktop\research\mitacs project\paper experiments\cifar dataset\cifar_org_dataset\batch_3_8022.png,C:\Users\ASUS\Desktop\research\mitacs project\paper experiments\cifar dataset\cifar_gen_dataset\batch_3_8022.png,frost,0,0,0.213741772,7.6090775,0.4369231,0.321497612,0.005494282
C:\Users\ASUS\Desktop\research\mitacs project\paper experiments\cifar dataset\cifar_org_dataset\batch_3_805.png,C:\Users\ASUS\Desktop\research\mitacs project\paper experiments\cifar dataset\cifar_gen_dataset\batch_3_805.png,frost,0,0,0.504508378,5.507281,0.57201535,0.630572699,0.003171778
C:\Users\ASUS\Desktop\research\mitacs project\paper experiments\cifar dataset\cifar_org_dataset\batch_3_8389.png,C:\Users\ASUS\Desktop\research\mitacs project\paper experiments\cifar dataset\cifar_gen_dataset\batch_3_8389.png,frost,0,0,0.430700828,8.586157,0.5807147,0.782042185,0.014175753
C:\Users\ASUS\Desktop\research\mitacs project\paper experiments\cifar dataset\cifar_org_dataset\batch_3_8429.png,C:\Users\ASUS\Desktop\research\mitacs project\paper experiments\cifar dataset\cifar_gen_dataset\batch_3_8429.png,frost,0,0,0.385601628,7.407405,0.4869519,0.571421647,0.01062046
C:\Users\ASUS\Desktop\research\mitacs project\paper experiments\cifar dataset\cifar_org_dataset\batch_3_8904.png,C:\Users\ASUS\Desktop\research\mitacs project\paper experiments\cifar dataset\cifar_gen_dataset\batch_3_8904.png,frost,0,0,0.519926601,2.3864226,0.6479666,0.611924252,0.002444403
C:\Users\ASUS\Desktop\research\mitacs project\paper experiments\cifar dataset\cifar_org_dataset\batch_3_8929.png,C:\Users\ASUS\Desktop\research\mitacs project\paper experiments\cifar dataset\cifar_gen_dataset\batch_3_8929.png,frost,0,0,0.239027857,9.55364,0.41454923,0.29232064,0.002192583
C:\Users\ASUS\Desktop\research\mitacs project\paper experiments\cifar dataset\cifar_org_dataset\batch_3_9005.png,C:\Users\ASUS\Desktop\research\mitacs project\paper experiments\cifar dataset\cifar_gen_dataset\batch_3_9005.png,frost,0,0,0.455151445,14.734034,0.55415416,0.725176914,0.02760795
C:\Users\ASUS\Desktop\research\mitacs project\paper experiments\cifar dataset\cifar_org_dataset\batch_3_9231.png,C:\Users\ASUS\Desktop\research\mitacs project\paper experiments\cifar dataset\cifar_gen_dataset\batch_3_9231.png,frost,1,1,0.544624326,11.144037,0.5557492,0.792578919,0.007323367
C:\Users\ASUS\Desktop\research\mitacs project\paper experiments\cifar dataset\cifar_org_dataset\batch_3_929.png,C:\Users\ASUS\Desktop\research\mitacs project\paper experiments\cifar dataset\cifar_gen_dataset\batch_3_929.png,frost,0,0,0.369341356,7.1506577,0.49284256,0.454243377,0.010706047
C:\Users\ASUS\Desktop\research\mitacs project\paper experiments\cifar dataset\cifar_org_dataset\batch_3_9403.png,C:\Users\ASUS\Desktop\research\mitacs project\paper experiments\cifar dataset\cifar_gen_dataset\batch_3_9403.png,frost,0,0,0.635868626,2.007127,0.66216004,0.861897685,0.005891121
C:\Users\ASUS\Desktop\research\mitacs project\paper experiments\cifar dataset\cifar_org_dataset\batch_3_949.png,C:\Users\ASUS\Desktop\research\mitacs project\paper experiments\cifar dataset\cifar_gen_dataset\batch_3_949.png,frost,0,0,0.754338665,3.714269,0.7033701,0.933959723,0.011784647
C:\Users\ASUS\Desktop\research\mitacs project\paper experiments\cifar dataset\cifar_org_dataset\batch_3_9570.png,C:\Users\ASUS\Desktop\research\mitacs project\paper experiments\cifar dataset\cifar_gen_dataset\batch_3_9570.png,frost,0,0,0.085050941,8.896179,0.25617963,0.074470803,0.001255796
C:\Users\ASUS\Desktop\research\mitacs project\paper experiments\cifar dataset\cifar_org_dataset\batch_3_9765.png,C:\Users\ASUS\Desktop\research\mitacs project\paper experiments\cifar dataset\cifar_gen_dataset\batch_3_9765.png,frost,1,1,0.766930618,5.5248623,0.6709445,0.722721349,0.020755984
C:\Users\ASUS\Desktop\research\mitacs project\paper experiments\cifar dataset\cifar_org_dataset\batch_3_982.png,C:\Users\ASUS\Desktop\research\mitacs project\paper experiments\cifar dataset\cifar_gen_dataset\batch_3_982.png,frost,0,0,0.567290087,4.3975286,0.5719925,0.858928738,0.007141607
C:\Users\ASUS\Desktop\research\mitacs project\paper experiments\cifar dataset\cifar_org_dataset\batch_3_9900.png,C:\Users\ASUS\Desktop\research\mitacs project\paper experiments\cifar dataset\cifar_gen_dataset\batch_3_9900.png,frost,0,0,0.09270505,8.724188,0.27725223,0.063170678,0.001456254
C:\Users\ASUS\Desktop\research\mitacs project\paper experiments\cifar dataset\cifar_org_dataset\batch_4_1382.png,C:\Users\ASUS\Desktop\research\mitacs project\paper experiments\cifar dataset\cifar_gen_dataset\batch_4_1382.png,frost,0,0,0.428712711,6.472417,0.5886959,0.520290054,0.002949411
C:\Users\ASUS\Desktop\research\mitacs project\paper experiments\cifar dataset\cifar_org_dataset\batch_4_1402.png,C:\Users\ASUS\Desktop\research\mitacs project\paper experiments\cifar dataset\cifar_gen_dataset\batch_4_1402.png,frost,0,0,0.62143685,4.2325783,0.692075,0.756326589,0.006464521
C:\Users\ASUS\Desktop\research\mitacs project\paper experiments\cifar dataset\cifar_org_dataset\batch_4_180.png,C:\Users\ASUS\Desktop\research\mitacs project\paper experiments\cifar dataset\cifar_gen_dataset\batch_4_180.png,frost,1,1,0.375941588,18.402079,0.5691729,0.35780339,0.004789093
C:\Users\ASUS\Desktop\research\mitacs project\paper experiments\cifar dataset\cifar_org_dataset\batch_4_1909.png,C:\Users\ASUS\Desktop\research\mitacs project\paper experiments\cifar dataset\cifar_gen_dataset\batch_4_1909.png,frost,1,1,0.23184204,9.810686,0.477275,0.232390182,0.001755125
C:\Users\ASUS\Desktop\research\mitacs project\paper experiments\cifar dataset\cifar_org_dataset\batch_4_2244.png,C:\Users\ASUS\Desktop\research\mitacs project\paper experiments\cifar dataset\cifar_gen_dataset\batch_4_2244.png,frost,0,0,0.443851675,7.950923,0.57328475,0.701147139,0.01188835
C:\Users\ASUS\Desktop\research\mitacs project\paper experiments\cifar dataset\cifar_org_dataset\batch_4_2336.png,C:\Users\ASUS\Desktop\research\mitacs project\paper experiments\cifar dataset\cifar_gen_dataset\batch_4_2336.png,frost,0,0,0.225031261,6.631241,0.30018672,0.229371955,0.001407297
C:\Users\ASUS\Desktop\research\mitacs project\paper experiments\cifar dataset\cifar_org_dataset\batch_4_239.png,C:\Users\ASUS\Desktop\research\mitacs project\paper experiments\cifar dataset\cifar_gen_dataset\batch_4_239.png,jpeg_compression,0,0,0.712147449,4.066684,0.62015307,0.928500014,0.006669627
C:\Users\ASUS\Desktop\research\mitacs project\paper experiments\cifar dataset\cifar_org_dataset\batch_4_2406.png,C:\Users\ASUS\Desktop\research\mitacs project\paper experiments\cifar dataset\cifar_gen_dataset\batch_4_2406.png,jpeg_compression,0,0,0.581200033,8.168486,0.46130216,0.938512836,0.015411396
C:\Users\ASUS\Desktop\research\mitacs project\paper experiments\cifar dataset\cifar_org_dataset\batch_4_2530.png,C:\Users\ASUS\Desktop\research\mitacs project\paper experiments\cifar dataset\cifar_gen_dataset\batch_4_2530.png,frost,0,0,0.516679964,10.887728,0.5422584,0.640940912,0.006785217
C:\Users\ASUS\Desktop\research\mitacs project\paper experiments\cifar dataset\cifar_org_dataset\batch_4_2645.png,C:\Users\ASUS\Desktop\research\mitacs project\paper experiments\cifar dataset\cifar_gen_dataset\batch_4_2645.png,jpeg_compression,0,0,0.856655317,4.034794,0.6481275,0.958015873,0.008713634
C:\Users\ASUS\Desktop\research\mitacs project\paper experiments\cifar dataset\cifar_org_dataset\batch_4_2741.png,C:\Users\ASUS\Desktop\research\mitacs project\paper experiments\cifar dataset\cifar_gen_dataset\batch_4_2741.png,jpeg_compression,0,0,0.911059809,4.898858,0.7482621,0.982617953,0.019474661
C:\Users\ASUS\Desktop\research\mitacs project\paper experiments\cifar dataset\cifar_org_dataset\batch_4_2892.png,C:\Users\ASUS\Desktop\research\mitacs project\paper experiments\cifar dataset\cifar_gen_dataset\batch_4_2892.png,jpeg_compression,0,0,0.612076544,9.621466,0.49593902,0.897720662,0.017755945
C:\Users\ASUS\Desktop\research\mitacs project\paper experiments\cifar dataset\cifar_org_dataset\batch_4_2962.png,C:\Users\ASUS\Desktop\research\mitacs project\paper experiments\cifar dataset\cifar_gen_dataset\batch_4_2962.png,jpeg_compression,1,1,0.699459107,10.327496,0.59862244,0.960306535,0.016145306
C:\Users\ASUS\Desktop\research\mitacs project\paper experiments\cifar dataset\cifar_org_dataset\batch_4_3230.png,C:\Users\ASUS\Desktop\research\mitacs project\paper experiments\cifar dataset\cifar_gen_dataset\batch_4_3230.png,jpeg_compression,1,1,0.768991588,9.58103,0.6068319,0.969782738,0.025120062
C:\Users\ASUS\Desktop\research\mitacs project\paper experiments\cifar dataset\cifar_org_dataset\batch_4_3301.png,C:\Users\ASUS\Desktop\research\mitacs project\paper experiments\cifar dataset\cifar_gen_dataset\batch_4_3301.png,jpeg_compression,0,0,0.669345264,10.434469,0.5101044,0.93312521,0.027863851
C:\Users\ASUS\Desktop\research\mitacs project\paper experiments\cifar dataset\cifar_org_dataset\batch_4_3311.png,C:\Users\ASUS\Desktop\research\mitacs project\paper experiments\cifar dataset\cifar_gen_dataset\batch_4_3311.png,frost,0,0,0.351593321,6.2359343,0.5735802,0.406912848,0.003531042
C:\Users\ASUS\Desktop\research\mitacs project\paper experiments\cifar dataset\cifar_org_dataset\batch_4_3365.png,C:\Users\ASUS\Desktop\research\mitacs project\paper experiments\cifar dataset\cifar_gen_dataset\batch_4_3365.png,jpeg_compression,0,0,0.641271655,8.449434,0.58239543,0.939702502,0.015012975
C:\Users\ASUS\Desktop\research\mitacs project\paper experiments\cifar dataset\cifar_org_dataset\batch_4_3419.png,C:\Users\ASUS\Desktop\research\mitacs project\paper experiments\cifar dataset\cifar_gen_dataset\batch_4_3419.png,jpeg_compression,0,0,0.480004513,10.380922,0.45791882,0.851163288,0.017163152
C:\Users\ASUS\Desktop\research\mitacs project\paper experiments\cifar dataset\cifar_org_dataset\batch_4_3614.png,C:\Users\ASUS\Desktop\research\mitacs project\paper experiments\cifar dataset\cifar_gen_dataset\batch_4_3614.png,frost,0,0,0.302158115,6.994635,0.46183258,0.341012484,0.002828885
C:\Users\ASUS\Desktop\research\mitacs project\paper experiments\cifar dataset\cifar_org_dataset\batch_4_3726.png,C:\Users\ASUS\Desktop\research\mitacs project\paper experiments\cifar dataset\cifar_gen_dataset\batch_4_3726.png,frost,0,0,0.371389657,9.337745,0.48472813,0.395430289,0.004170807
C:\Users\ASUS\Desktop\research\mitacs project\paper experiments\cifar dataset\cifar_org_dataset\batch_4_3797.png,C:\Users\ASUS\Desktop\research\mitacs project\paper experiments\cifar dataset\cifar_gen_dataset\batch_4_3797.png,frost,0,0,0.817200028,4.6753736,0.73771006,0.953122078,0.014905667
C:\Users\ASUS\Desktop\research\mitacs project\paper experiments\cifar dataset\cifar_org_dataset\batch_4_3988.png,C:\Users\ASUS\Desktop\research\mitacs project\paper experiments\cifar dataset\cifar_gen_dataset\batch_4_3988.png,jpeg_compression,0,0,0.746207497,12.455211,0.53133273,0.928483609,0.01515658
C:\Users\ASUS\Desktop\research\mitacs project\paper experiments\cifar dataset\cifar_org_dataset\batch_4_4016.png,C:\Users\ASUS\Desktop\research\mitacs project\paper experiments\cifar dataset\cifar_gen_dataset\batch_4_4016.png,jpeg_compression,0,0,0.821507265,6.424264,0.5478142,0.977180764,0.01587293
C:\Users\ASUS\Desktop\research\mitacs project\paper experiments\cifar dataset\cifar_org_dataset\batch_4_4185.png,C:\Users\ASUS\Desktop\research\mitacs project\paper experiments\cifar dataset\cifar_gen_dataset\batch_4_4185.png,frost,0,0,0.776918381,3.0952616,0.80604875,0.872124243,0.011265576
C:\Users\ASUS\Desktop\research\mitacs project\paper experiments\cifar dataset\cifar_org_dataset\batch_4_4214.png,C:\Users\ASUS\Desktop\research\mitacs project\paper experiments\cifar dataset\cifar_gen_dataset\batch_4_4214.png,jpeg_compression,1,1,0.902867588,3.3632424,0.8110675,0.989307136,0.014553165
C:\Users\ASUS\Desktop\research\mitacs project\paper experiments\cifar dataset\cifar_org_dataset\batch_4_4442.png,C:\Users\ASUS\Desktop\research\mitacs project\paper experiments\cifar dataset\cifar_gen_dataset\batch_4_4442.png,jpeg_compression,1,1,0.842007734,9.905755,0.68967295,0.983670904,0.017606382
C:\Users\ASUS\Desktop\research\mitacs project\paper experiments\cifar dataset\cifar_org_dataset\batch_4_4503.png,C:\Users\ASUS\Desktop\research\mitacs project\paper experiments\cifar dataset\cifar_gen_dataset\batch_4_4503.png,frost,0,0,0.591801369,3.5715508,0.6420169,0.685212291,0.002500278
C:\Users\ASUS\Desktop\research\mitacs project\paper experiments\cifar dataset\cifar_org_dataset\batch_4_4574.png,C:\Users\ASUS\Desktop\research\mitacs project\paper experiments\cifar dataset\cifar_gen_dataset\batch_4_4574.png,frost,0,0,0.118402502,5.1170197,0.3857247,0.31110911,0.007090972
C:\Users\ASUS\Desktop\research\mitacs project\paper experiments\cifar dataset\cifar_org_dataset\batch_4_4579.png,C:\Users\ASUS\Desktop\research\mitacs project\paper experiments\cifar dataset\cifar_gen_dataset\batch_4_4579.png,jpeg_compression,0,0,0.429045925,18.404705,0.36707622,0.825191153,0.033907832
C:\Users\ASUS\Desktop\research\mitacs project\paper experiments\cifar dataset\cifar_org_dataset\batch_4_4600.png,C:\Users\ASUS\Desktop\research\mitacs project\paper experiments\cifar dataset\cifar_gen_dataset\batch_4_4600.png,jpeg_compression,0,0,0.555515942,7.0802794,0.5270725,0.860483024,0.020585356
C:\Users\ASUS\Desktop\research\mitacs project\paper experiments\cifar dataset\cifar_org_dataset\batch_4_4745.png,C:\Users\ASUS\Desktop\research\mitacs project\paper experiments\cifar dataset\cifar_gen_dataset\batch_4_4745.png,jpeg_compression,0,0,0.736723625,10.307925,0.5612564,0.947327743,0.023896769
C:\Users\ASUS\Desktop\research\mitacs project\paper experiments\cifar dataset\cifar_org_dataset\batch_4_4928.png,C:\Users\ASUS\Desktop\research\mitacs project\paper experiments\cifar dataset\cifar_gen_dataset\batch_4_4928.png,frost,0,0,0.66428029,4.2280145,0.7104845,0.848046602,0.003777939
C:\Users\ASUS\Desktop\research\mitacs project\paper experiments\cifar dataset\cifar_org_dataset\batch_4_4942.png,C:\Users\ASUS\Desktop\research\mitacs project\paper experiments\cifar dataset\cifar_gen_dataset\batch_4_4942.png,jpeg_compression,0,0,0.70074648,5.582473,0.5735415,0.943221353,0.011192261
C:\Users\ASUS\Desktop\research\mitacs project\paper experiments\cifar dataset\cifar_org_dataset\batch_4_5062.png,C:\Users\ASUS\Desktop\research\mitacs project\paper experiments\cifar dataset\cifar_gen_dataset\batch_4_5062.png,frost,0,0,0.738417026,5.284095,0.6458544,0.887886406,0.014673221
C:\Users\ASUS\Desktop\research\mitacs project\paper experiments\cifar dataset\cifar_org_dataset\batch_4_5559.png,C:\Users\ASUS\Desktop\research\mitacs project\paper experiments\cifar dataset\cifar_gen_dataset\batch_4_5559.png,jpeg_compression,0,0,0.524100175,8.818949,0.52537864,0.878870712,0.013948494
C:\Users\ASUS\Desktop\research\mitacs project\paper experiments\cifar dataset\cifar_org_dataset\batch_4_5598.png,C:\Users\ASUS\Desktop\research\mitacs project\paper experiments\cifar dataset\cifar_gen_dataset\batch_4_5598.png,jpeg_compression,0,0,0.287178981,8.132406,0.4651875,0.743441504,0.017701998
C:\Users\ASUS\Desktop\research\mitacs project\paper experiments\cifar dataset\cifar_org_dataset\batch_4_5600.png,C:\Users\ASUS\Desktop\research\mitacs project\paper experiments\cifar dataset\cifar_gen_dataset\batch_4_5600.png,jpeg_compression,0,0,0.60714043,5.6118836,0.5176551,0.899958338,0.007395124
C:\Users\ASUS\Desktop\research\mitacs project\paper experiments\cifar dataset\cifar_org_dataset\batch_4_5610.png,C:\Users\ASUS\Desktop\research\mitacs project\paper experiments\cifar dataset\cifar_gen_dataset\batch_4_5610.png,frost,1,1,0.339857151,8.03956,0.6128434,0.674615637,0.022477567
C:\Users\ASUS\Desktop\research\mitacs project\paper experiments\cifar dataset\cifar_org_dataset\batch_4_576.png,C:\Users\ASUS\Desktop\research\mitacs project\paper experiments\cifar dataset\cifar_gen_dataset\batch_4_576.png,jpeg_compression,0,0,0.70946935,10.322684,0.5523578,0.959268701,0.017460179
C:\Users\ASUS\Desktop\research\mitacs project\paper experiments\cifar dataset\cifar_org_dataset\batch_4_5787.png,C:\Users\ASUS\Desktop\research\mitacs project\paper experiments\cifar dataset\cifar_gen_dataset\batch_4_5787.png,jpeg_compression,0,0,0.215959586,5.472132,0.40736246,0.654871894,0.010445393
C:\Users\ASUS\Desktop\research\mitacs project\paper experiments\cifar dataset\cifar_org_dataset\batch_4_5811.png,C:\Users\ASUS\Desktop\research\mitacs project\paper experiments\cifar dataset\cifar_gen_dataset\batch_4_5811.png,jpeg_compression,0,0,0.947385897,7.537648,0.6455818,0.981924683,0.023148367
C:\Users\ASUS\Desktop\research\mitacs project\paper experiments\cifar dataset\cifar_org_dataset\batch_4_5820.png,C:\Users\ASUS\Desktop\research\mitacs project\paper experiments\cifar dataset\cifar_gen_dataset\batch_4_5820.png,frost,0,0,0.709938871,5.7233534,0.71990067,0.905621116,0.011540513
C:\Users\ASUS\Desktop\research\mitacs project\paper experiments\cifar dataset\cifar_org_dataset\batch_4_5830.png,C:\Users\ASUS\Desktop\research\mitacs project\paper experiments\cifar dataset\cifar_gen_dataset\batch_4_5830.png,frost,0,0,0.057137308,8.457736,0.35582447,0.059769924,0.001895366
C:\Users\ASUS\Desktop\research\mitacs project\paper experiments\cifar dataset\cifar_org_dataset\batch_4_5864.png,C:\Users\ASUS\Desktop\research\mitacs project\paper experiments\cifar dataset\cifar_gen_dataset\batch_4_5864.png,frost,0,0,0.573749252,7.7110343,0.56059724,0.820517367,0.008932336
C:\Users\ASUS\Desktop\research\mitacs project\paper experiments\cifar dataset\cifar_org_dataset\batch_4_5904.png,C:\Users\ASUS\Desktop\research\mitacs project\paper experiments\cifar dataset\cifar_gen_dataset\batch_4_5904.png,jpeg_compression,0,0,0.938048797,12.326607,0.7355466,0.985086571,0.042088952
C:\Users\ASUS\Desktop\research\mitacs project\paper experiments\cifar dataset\cifar_org_dataset\batch_4_5951.png,C:\Users\ASUS\Desktop\research\mitacs project\paper experiments\cifar dataset\cifar_gen_dataset\batch_4_5951.png,frost,0,0,0.601024818,5.8495955,0.5686988,0.635639302,0.009914245
C:\Users\ASUS\Desktop\research\mitacs project\paper experiments\cifar dataset\cifar_org_dataset\batch_4_5996.png,C:\Users\ASUS\Desktop\research\mitacs project\paper experiments\cifar dataset\cifar_gen_dataset\batch_4_5996.png,frost,0,0,0.120954057,9.147406,0.30410963,0.074705979,0.001238238
C:\Users\ASUS\Desktop\research\mitacs project\paper experiments\cifar dataset\cifar_org_dataset\batch_4_6098.png,C:\Users\ASUS\Desktop\research\mitacs project\paper experiments\cifar dataset\cifar_gen_dataset\batch_4_6098.png,jpeg_compression,0,0,0.974040928,2.2430267,0.863219,0.994946301,0.015068681
C:\Users\ASUS\Desktop\research\mitacs project\paper experiments\cifar dataset\cifar_org_dataset\batch_4_6177.png,C:\Users\ASUS\Desktop\research\mitacs project\paper experiments\cifar dataset\cifar_gen_dataset\batch_4_6177.png,jpeg_compression,0,0,0.586037068,6.9043555,0.5812317,0.911387698,0.00972255
C:\Users\ASUS\Desktop\research\mitacs project\paper experiments\cifar dataset\cifar_org_dataset\batch_4_6354.png,C:\Users\ASUS\Desktop\research\mitacs project\paper experiments\cifar dataset\cifar_gen_dataset\batch_4_6354.png,jpeg_compression,0,0,0.631901442,9.62099,0.5053871,0.917852583,0.017240897
C:\Users\ASUS\Desktop\research\mitacs project\paper experiments\cifar dataset\cifar_org_dataset\batch_4_6512.png,C:\Users\ASUS\Desktop\research\mitacs project\paper experiments\cifar dataset\cifar_gen_dataset\batch_4_6512.png,jpeg_compression,1,1,0.544906633,12.580399,0.5805764,0.937209172,0.03381291
C:\Users\ASUS\Desktop\research\mitacs project\paper experiments\cifar dataset\cifar_org_dataset\batch_4_6525.png,C:\Users\ASUS\Desktop\research\mitacs project\paper experiments\cifar dataset\cifar_gen_dataset\batch_4_6525.png,jpeg_compression,0,0,0.226710987,15.40627,0.3053047,0.570561732,0.027606555
C:\Users\ASUS\Desktop\research\mitacs project\paper experiments\cifar dataset\cifar_org_dataset\batch_4_6560.png,C:\Users\ASUS\Desktop\research\mitacs project\paper experiments\cifar dataset\cifar_gen_dataset\batch_4_6560.png,frost,0,0,0.736733353,2.5167813,0.68391114,0.92120457,0.004506068
C:\Users\ASUS\Desktop\research\mitacs project\paper experiments\cifar dataset\cifar_org_dataset\batch_4_664.png,C:\Users\ASUS\Desktop\research\mitacs project\paper experiments\cifar dataset\cifar_gen_dataset\batch_4_664.png,frost,0,0,0.29801001,11.312555,0.41497755,0.457969898,0.010202737
C:\Users\ASUS\Desktop\research\mitacs project\paper experiments\cifar dataset\cifar_org_dataset\batch_4_6935.png,C:\Users\ASUS\Desktop\research\mitacs project\paper experiments\cifar dataset\cifar_gen_dataset\batch_4_6935.png,jpeg_compression,1,1,0.571523188,9.536707,0.6564215,0.951396451,0.018089546
C:\Users\ASUS\Desktop\research\mitacs project\paper experiments\cifar dataset\cifar_org_dataset\batch_4_6952.png,C:\Users\ASUS\Desktop\research\mitacs project\paper experiments\cifar dataset\cifar_gen_dataset\batch_4_6952.png,frost,0,0,0.824215688,7.191574,0.73087215,0.976197845,0.022732664
C:\Users\ASUS\Desktop\research\mitacs project\paper experiments\cifar dataset\cifar_org_dataset\batch_4_7059.png,C:\Users\ASUS\Desktop\research\mitacs project\paper experiments\cifar dataset\cifar_gen_dataset\batch_4_7059.png,frost,0,0,0.626879447,4.04762,0.6859573,0.675198464,0.005473989
C:\Users\ASUS\Desktop\research\mitacs project\paper experiments\cifar dataset\cifar_org_dataset\batch_4_7086.png,C:\Users\ASUS\Desktop\research\mitacs project\paper experiments\cifar dataset\cifar_gen_dataset\batch_4_7086.png,jpeg_compression,0,0,0.609298371,6.6670656,0.6032491,0.93775938,0.011883374
C:\Users\ASUS\Desktop\research\mitacs project\paper experiments\cifar dataset\cifar_org_dataset\batch_4_7281.png,C:\Users\ASUS\Desktop\research\mitacs project\paper experiments\cifar dataset\cifar_gen_dataset\batch_4_7281.png,frost,0,0,0.285702417,2.5455806,0.5433651,0.434750976,0.001537577
C:\Users\ASUS\Desktop\research\mitacs project\paper experiments\cifar dataset\cifar_org_dataset\batch_4_7300.png,C:\Users\ASUS\Desktop\research\mitacs project\paper experiments\cifar dataset\cifar_gen_dataset\batch_4_7300.png,frost,0,0,0.540119077,5.5337963,0.75719595,0.552068065,0.004664948
C:\Users\ASUS\Desktop\research\mitacs project\paper experiments\cifar dataset\cifar_org_dataset\batch_4_7307.png,C:\Users\ASUS\Desktop\research\mitacs project\paper experiments\cifar dataset\cifar_gen_dataset\batch_4_7307.png,frost,0,0,0.425680461,10.947112,0.50446826,0.498603014,0.010986775
C:\Users\ASUS\Desktop\research\mitacs project\paper experiments\cifar dataset\cifar_org_dataset\batch_4_7371.png,C:\Users\ASUS\Desktop\research\mitacs project\paper experiments\cifar dataset\cifar_gen_dataset\batch_4_7371.png,jpeg_compression,0,0,0.536155546,9.696968,0.5162593,0.913580429,0.020936603
C:\Users\ASUS\Desktop\research\mitacs project\paper experiments\cifar dataset\cifar_org_dataset\batch_4_7395.png,C:\Users\ASUS\Desktop\research\mitacs project\paper experiments\cifar dataset\cifar_gen_dataset\batch_4_7395.png,frost,0,0,0.622347841,13.752289,0.52505213,0.870946379,0.021065112
C:\Users\ASUS\Desktop\research\mitacs project\paper experiments\cifar dataset\cifar_org_dataset\batch_4_7401.png,C:\Users\ASUS\Desktop\research\mitacs project\paper experiments\cifar dataset\cifar_gen_dataset\batch_4_7401.png,frost,1,1,0.644340114,5.8830748,0.6582719,0.753599879,0.010625444
C:\Users\ASUS\Desktop\research\mitacs project\paper experiments\cifar dataset\cifar_org_dataset\batch_4_7472.png,C:\Users\ASUS\Desktop\research\mitacs project\paper experiments\cifar dataset\cifar_gen_dataset\batch_4_7472.png,jpeg_compression,0,0,0.509159973,12.585914,0.44218722,0.887239817,0.027569517
C:\Users\ASUS\Desktop\research\mitacs project\paper experiments\cifar dataset\cifar_org_dataset\batch_4_7503.png,C:\Users\ASUS\Desktop\research\mitacs project\paper experiments\cifar dataset\cifar_gen_dataset\batch_4_7503.png,jpeg_compression,0,0,0.722673208,9.190332,0.4593882,0.928903228,0.019315436
C:\Users\ASUS\Desktop\research\mitacs project\paper experiments\cifar dataset\cifar_org_dataset\batch_4_7639.png,C:\Users\ASUS\Desktop\research\mitacs project\paper experiments\cifar dataset\cifar_gen_dataset\batch_4_7639.png,frost,0,0,0.154471687,9.234718,0.3139859,0.26465908,0.006167173
C:\Users\ASUS\Desktop\research\mitacs project\paper experiments\cifar dataset\cifar_org_dataset\batch_4_7646.png,C:\Users\ASUS\Desktop\research\mitacs project\paper experiments\cifar dataset\cifar_gen_dataset\batch_4_7646.png,jpeg_compression,0,0,0.793300792,12.122256,0.5938788,0.967260985,0.03089165
C:\Users\ASUS\Desktop\research\mitacs project\paper experiments\cifar dataset\cifar_org_dataset\batch_4_7715.png,C:\Users\ASUS\Desktop\research\mitacs project\paper experiments\cifar dataset\cifar_gen_dataset\batch_4_7715.png,frost,0,0,0.467948666,9.524866,0.5265295,0.674751138,0.010682123
C:\Users\ASUS\Desktop\research\mitacs project\paper experiments\cifar dataset\cifar_org_dataset\batch_4_7773.png,C:\Users\ASUS\Desktop\research\mitacs project\paper experiments\cifar dataset\cifar_gen_dataset\batch_4_7773.png,frost,0,0,0.138461557,8.263537,0.2500929,0.142618167,0.005990971
C:\Users\ASUS\Desktop\research\mitacs project\paper experiments\cifar dataset\cifar_org_dataset\batch_4_8062.png,C:\Users\ASUS\Desktop\research\mitacs project\paper experiments\cifar dataset\cifar_gen_dataset\batch_4_8062.png,jpeg_compression,0,0,0.910046483,4.1713257,0.7736827,0.988235098,0.017557159
C:\Users\ASUS\Desktop\research\mitacs project\paper experiments\cifar dataset\cifar_org_dataset\batch_4_8110.png,C:\Users\ASUS\Desktop\research\mitacs project\paper experiments\cifar dataset\cifar_gen_dataset\batch_4_8110.png,frost,0,0,0.575436267,5.2417865,0.6554597,0.756827258,0.007083224
C:\Users\ASUS\Desktop\research\mitacs project\paper experiments\cifar dataset\cifar_org_dataset\batch_4_820.png,C:\Users\ASUS\Desktop\research\mitacs project\paper experiments\cifar dataset\cifar_gen_dataset\batch_4_820.png,frost,0,0,0.312967599,16.661314,0.39486378,0.470765704,0.014402291
C:\Users\ASUS\Desktop\research\mitacs project\paper experiments\cifar dataset\cifar_org_dataset\batch_4_8230.png,C:\Users\ASUS\Desktop\research\mitacs project\paper experiments\cifar dataset\cifar_gen_dataset\batch_4_8230.png,jpeg_compression,0,0,0.5861598,8.146792,0.54384,0.938317932,0.013560209
C:\Users\ASUS\Desktop\research\mitacs project\paper experiments\cifar dataset\cifar_org_dataset\batch_4_8240.png,C:\Users\ASUS\Desktop\research\mitacs project\paper experiments\cifar dataset\cifar_gen_dataset\batch_4_8240.png,frost,0,0,0.440744561,9.127922,0.5834141,0.44085756,0.005067979
C:\Users\ASUS\Desktop\research\mitacs project\paper experiments\cifar dataset\cifar_org_dataset\batch_4_8246.png,C:\Users\ASUS\Desktop\research\mitacs project\paper experiments\cifar dataset\cifar_gen_dataset\batch_4_8246.png,jpeg_compression,0,0,0.888363938,4.3071694,0.69952923,0.970588946,0.019501512
C:\Users\ASUS\Desktop\research\mitacs project\paper experiments\cifar dataset\cifar_org_dataset\batch_4_8335.png,C:\Users\ASUS\Desktop\research\mitacs project\paper experiments\cifar dataset\cifar_gen_dataset\batch_4_8335.png,jpeg_compression,0,0,0.33263038,15.81568,0.28455108,0.775137742,0.024883058
C:\Users\ASUS\Desktop\research\mitacs project\paper experiments\cifar dataset\cifar_org_dataset\batch_4_837.png,C:\Users\ASUS\Desktop\research\mitacs project\paper experiments\cifar dataset\cifar_gen_dataset\batch_4_837.png,jpeg_compression,0,0,0.732666036,7.9321837,0.5281225,0.966171056,0.017875389
C:\Users\ASUS\Desktop\research\mitacs project\paper experiments\cifar dataset\cifar_org_dataset\batch_4_8435.png,C:\Users\ASUS\Desktop\research\mitacs project\paper experiments\cifar dataset\cifar_gen_dataset\batch_4_8435.png,frost,0,0,0.606302722,7.588661,0.62308055,0.857684106,0.016677418
C:\Users\ASUS\Desktop\research\mitacs project\paper experiments\cifar dataset\cifar_org_dataset\batch_4_845.png,C:\Users\ASUS\Desktop\research\mitacs project\paper experiments\cifar dataset\cifar_gen_dataset\batch_4_845.png,frost,0,0,0.469489534,13.360132,0.47401753,0.590091934,0.014873855
C:\Users\ASUS\Desktop\research\mitacs project\paper experiments\cifar dataset\cifar_org_dataset\batch_4_8473.png,C:\Users\ASUS\Desktop\research\mitacs project\paper experiments\cifar dataset\cifar_gen_dataset\batch_4_8473.png,jpeg_compression,1,1,0.726543965,9.305812,0.5987644,0.952796669,0.025382802
C:\Users\ASUS\Desktop\research\mitacs project\paper experiments\cifar dataset\cifar_org_dataset\batch_4_8502.png,C:\Users\ASUS\Desktop\research\mitacs project\paper experiments\cifar dataset\cifar_gen_dataset\batch_4_8502.png,frost,0,0,0.25385908,3.346046,0.3169958,0.389719329,0.001761155
C:\Users\ASUS\Desktop\research\mitacs project\paper experiments\cifar dataset\cifar_org_dataset\batch_4_8537.png,C:\Users\ASUS\Desktop\research\mitacs project\paper experiments\cifar dataset\cifar_gen_dataset\batch_4_8537.png,frost,0,0,0.646720312,7.393415,0.66590476,0.84984741,0.007688215
C:\Users\ASUS\Desktop\research\mitacs project\paper experiments\cifar dataset\cifar_org_dataset\batch_4_8547.png,C:\Users\ASUS\Desktop\research\mitacs project\paper experiments\cifar dataset\cifar_gen_dataset\batch_4_8547.png,frost,0,0,0.42200795,8.44417,0.5552528,0.391112757,0.002527665
C:\Users\ASUS\Desktop\research\mitacs project\paper experiments\cifar dataset\cifar_org_dataset\batch_4_855.png,C:\Users\ASUS\Desktop\research\mitacs project\paper experiments\cifar dataset\cifar_gen_dataset\batch_4_855.png,frost,0,0,0.082400778,7.1606264,0.40327543,0.15046688,0.001663707
C:\Users\ASUS\Desktop\research\mitacs project\paper experiments\cifar dataset\cifar_org_dataset\batch_4_8554.png,C:\Users\ASUS\Desktop\research\mitacs project\paper experiments\cifar dataset\cifar_gen_dataset\batch_4_8554.png,jpeg_compression,0,0,0.363423264,7.8565965,0.5757527,0.862712402,0.010928448
C:\Users\ASUS\Desktop\research\mitacs project\paper experiments\cifar dataset\cifar_org_dataset\batch_4_8640.png,C:\Users\ASUS\Desktop\research\mitacs project\paper experiments\cifar dataset\cifar_gen_dataset\batch_4_8640.png,jpeg_compression,0,0,0.62476035,13.687149,0.4653954,0.919895417,0.022047765
C:\Users\ASUS\Desktop\research\mitacs project\paper experiments\cifar dataset\cifar_org_dataset\batch_4_8750.png,C:\Users\ASUS\Desktop\research\mitacs project\paper experiments\cifar dataset\cifar_gen_dataset\batch_4_8750.png,frost,0,0,0.42282716,4.17942,0.47538596,0.366084086,0.004079483
C:\Users\ASUS\Desktop\research\mitacs project\paper experiments\cifar dataset\cifar_org_dataset\batch_4_8835.png,C:\Users\ASUS\Desktop\research\mitacs project\paper experiments\cifar dataset\cifar_gen_dataset\batch_4_8835.png,jpeg_compression,0,0,0.739243934,5.1784806,0.6783368,0.917630324,0.00812754
C:\Users\ASUS\Desktop\research\mitacs project\paper experiments\cifar dataset\cifar_org_dataset\batch_4_8935.png,C:\Users\ASUS\Desktop\research\mitacs project\paper experiments\cifar dataset\cifar_gen_dataset\batch_4_8935.png,frost,1,1,0.406133958,19.772022,0.40813705,0.463469861,0.021082943
C:\Users\ASUS\Desktop\research\mitacs project\paper experiments\cifar dataset\cifar_org_dataset\batch_4_8991.png,C:\Users\ASUS\Desktop\research\mitacs project\paper experiments\cifar dataset\cifar_gen_dataset\batch_4_8991.png,jpeg_compression,0,0,0.681604362,9.8429985,0.5390445,0.9525916,0.01989361
C:\Users\ASUS\Desktop\research\mitacs project\paper experiments\cifar dataset\cifar_org_dataset\batch_4_9043.png,C:\Users\ASUS\Desktop\research\mitacs project\paper experiments\cifar dataset\cifar_gen_dataset\batch_4_9043.png,frost,1,1,0.335609589,7.8087525,0.51298916,0.234755278,0.002044547
C:\Users\ASUS\Desktop\research\mitacs project\paper experiments\cifar dataset\cifar_org_dataset\batch_4_9295.png,C:\Users\ASUS\Desktop\research\mitacs project\paper experiments\cifar dataset\cifar_gen_dataset\batch_4_9295.png,frost,0,0,0.653531162,5.0308022,0.6740891,0.703757703,0.004297616
C:\Users\ASUS\Desktop\research\mitacs project\paper experiments\cifar dataset\cifar_org_dataset\batch_4_9501.png,C:\Users\ASUS\Desktop\research\mitacs project\paper experiments\cifar dataset\cifar_gen_dataset\batch_4_9501.png,frost,0,0,0.497260259,6.2577376,0.6055918,0.668486751,0.003569664
C:\Users\ASUS\Desktop\research\mitacs project\paper experiments\cifar dataset\cifar_org_dataset\batch_4_9672.png,C:\Users\ASUS\Desktop\research\mitacs project\paper experiments\cifar dataset\cifar_gen_dataset\batch_4_9672.png,frost,1,1,0.450302414,12.825696,0.5829149,0.762577984,0.025576261
C:\Users\ASUS\Desktop\research\mitacs project\paper experiments\cifar dataset\cifar_org_dataset\batch_4_9714.png,C:\Users\ASUS\Desktop\research\mitacs project\paper experiments\cifar dataset\cifar_gen_dataset\batch_4_9714.png,jpeg_compression,0,0,0.739706022,6.7017403,0.5329429,0.96348938,0.015957248
C:\Users\ASUS\Desktop\research\mitacs project\paper experiments\cifar dataset\cifar_org_dataset\batch_4_9743.png,C:\Users\ASUS\Desktop\research\mitacs project\paper experiments\cifar dataset\cifar_gen_dataset\batch_4_9743.png,jpeg_compression,1,1,0.718845188,8.836094,0.73852205,0.978699981,0.02721605
C:\Users\ASUS\Desktop\research\mitacs project\paper experiments\cifar dataset\cifar_org_dataset\batch_4_9756.png,C:\Users\ASUS\Desktop\research\mitacs project\paper experiments\cifar dataset\cifar_gen_dataset\batch_4_9756.png,jpeg_compression,0,0,0.926520408,3.6828637,0.7064256,0.967253066,0.007831441
C:\Users\ASUS\Desktop\research\mitacs project\paper experiments\cifar dataset\cifar_org_dataset\batch_4_977.png,C:\Users\ASUS\Desktop\research\mitacs project\paper experiments\cifar dataset\cifar_gen_dataset\batch_4_977.png,frost,0,0,0.741012347,2.643917,0.850173,0.919796982,0.009009323
C:\Users\ASUS\Desktop\research\mitacs project\paper experiments\cifar dataset\cifar_org_dataset\batch_4_9788.png,C:\Users\ASUS\Desktop\research\mitacs project\paper experiments\cifar dataset\cifar_gen_dataset\batch_4_9788.png,frost,0,0,0.03726757,18.993557,0.15863392,0.01566272,0.00200892
C:\Users\ASUS\Desktop\research\mitacs project\paper experiments\cifar dataset\cifar_org_dataset\batch_4_9846.png,C:\Users\ASUS\Desktop\research\mitacs project\paper experiments\cifar dataset\cifar_gen_dataset\batch_4_9846.png,frost,0,0,0.773083197,5.13731,0.68090135,0.84114912,0.016280549
C:\Users\ASUS\Desktop\research\mitacs project\paper experiments\cifar dataset\cifar_org_dataset\batch_4_9899.png,C:\Users\ASUS\Desktop\research\mitacs project\paper experiments\cifar dataset\cifar_gen_dataset\batch_4_9899.png,frost,0,0,0.317063144,11.057026,0.44669408,0.534775055,0.02436783
C:\Users\ASUS\Desktop\research\mitacs project\paper experiments\cifar dataset\cifar_org_dataset\batch_4_9939.png,C:\Users\ASUS\Desktop\research\mitacs project\paper experiments\cifar dataset\cifar_gen_dataset\batch_4_9939.png,jpeg_compression,0,0,0.947433602,8.740995,0.6374461,0.986314327,0.011822206
C:\Users\ASUS\Desktop\research\mitacs project\paper experiments\cifar dataset\cifar_org_dataset\batch_5_1029.png,C:\Users\ASUS\Desktop\research\mitacs project\paper experiments\cifar dataset\cifar_gen_dataset\batch_5_1029.png,frost,0,0,0.09994936,10.77877,0.3698701,0.127674064,0.001844627
C:\Users\ASUS\Desktop\research\mitacs project\paper experiments\cifar dataset\cifar_org_dataset\batch_5_1088.png,C:\Users\ASUS\Desktop\research\mitacs project\paper experiments\cifar dataset\cifar_gen_dataset\batch_5_1088.png,frost,0,0,0.443026704,9.219795,0.66201395,0.629863447,0.005203172
C:\Users\ASUS\Desktop\research\mitacs project\paper experiments\cifar dataset\cifar_org_dataset\batch_5_1109.png,C:\Users\ASUS\Desktop\research\mitacs project\paper experiments\cifar dataset\cifar_gen_dataset\batch_5_1109.png,frost,0,0,0.653005726,7.727496,0.6373326,0.917563183,0.011800732
C:\Users\ASUS\Desktop\research\mitacs project\paper experiments\cifar dataset\cifar_org_dataset\batch_5_1174.png,C:\Users\ASUS\Desktop\research\mitacs project\paper experiments\cifar dataset\cifar_gen_dataset\batch_5_1174.png,jpeg_compression,0,0,0.559542725,7.7458267,0.5625706,0.895833878,0.012083311
C:\Users\ASUS\Desktop\research\mitacs project\paper experiments\cifar dataset\cifar_org_dataset\batch_5_1493.png,C:\Users\ASUS\Desktop\research\mitacs project\paper experiments\cifar dataset\cifar_gen_dataset\batch_5_1493.png,jpeg_compression,0,0,0.585029919,10.913176,0.4558465,0.931855164,0.01925368
C:\Users\ASUS\Desktop\research\mitacs project\paper experiments\cifar dataset\cifar_org_dataset\batch_5_1737.png,C:\Users\ASUS\Desktop\research\mitacs project\paper experiments\cifar dataset\cifar_gen_dataset\batch_5_1737.png,jpeg_compression,0,0,0.548391234,7.1630907,0.48549315,0.872143812,0.009241624
C:\Users\ASUS\Desktop\research\mitacs project\paper experiments\cifar dataset\cifar_org_dataset\batch_5_1754.png,C:\Users\ASUS\Desktop\research\mitacs project\paper experiments\cifar dataset\cifar_gen_dataset\batch_5_1754.png,frost,0,0,0.452354406,8.5921955,0.595097,0.768092636,0.018123895
C:\Users\ASUS\Desktop\research\mitacs project\paper experiments\cifar dataset\cifar_org_dataset\batch_5_1783.png,C:\Users\ASUS\Desktop\research\mitacs project\paper experiments\cifar dataset\cifar_gen_dataset\batch_5_1783.png,jpeg_compression,0,0,0.516612681,7.659936,0.5800816,0.926945721,0.019879723
C:\Users\ASUS\Desktop\research\mitacs project\paper experiments\cifar dataset\cifar_org_dataset\batch_5_1959.png,C:\Users\ASUS\Desktop\research\mitacs project\paper experiments\cifar dataset\cifar_gen_dataset\batch_5_1959.png,jpeg_compression,0,0,0.829387604,10.548932,0.5809339,0.973849445,0.025329715
C:\Users\ASUS\Desktop\research\mitacs project\paper experiments\cifar dataset\cifar_org_dataset\batch_5_2073.png,C:\Users\ASUS\Desktop\research\mitacs project\paper experiments\cifar dataset\cifar_gen_dataset\batch_5_2073.png,jpeg_compression,0,0,0.945066091,6.1454344,0.6841693,0.975105839,0.03693667
C:\Users\ASUS\Desktop\research\mitacs project\paper experiments\cifar dataset\cifar_org_dataset\batch_5_2116.png,C:\Users\ASUS\Desktop\research\mitacs project\paper experiments\cifar dataset\cifar_gen_dataset\batch_5_2116.png,jpeg_compression,1,1,0.506273286,17.647976,0.4889174,0.925022971,0.021633716
C:\Users\ASUS\Desktop\research\mitacs project\paper experiments\cifar dataset\cifar_org_dataset\batch_5_2187.png,C:\Users\ASUS\Desktop\research\mitacs project\paper experiments\cifar dataset\cifar_gen_dataset\batch_5_2187.png,frost,0,0,0.417850322,5.719782,0.47937584,0.568683038,0.007117173
C:\Users\ASUS\Desktop\research\mitacs project\paper experiments\cifar dataset\cifar_org_dataset\batch_5_2194.png,C:\Users\ASUS\Desktop\research\mitacs project\paper experiments\cifar dataset\cifar_gen_dataset\batch_5_2194.png,frost,0,0,0.612284344,5.587706,0.624068,0.795264048,0.004074654
C:\Users\ASUS\Desktop\research\mitacs project\paper experiments\cifar dataset\cifar_org_dataset\batch_5_2309.png,C:\Users\ASUS\Desktop\research\mitacs project\paper experiments\cifar dataset\cifar_gen_dataset\batch_5_2309.png,frost,0,0,0.228544497,8.290742,0.39784154,0.440746537,0.002453487
C:\Users\ASUS\Desktop\research\mitacs project\paper experiments\cifar dataset\cifar_org_dataset\batch_5_2360.png,C:\Users\ASUS\Desktop\research\mitacs project\paper experiments\cifar dataset\cifar_gen_dataset\batch_5_2360.png,jpeg_compression,0,0,0.733209848,11.49734,0.6556464,0.976260812,0.022867987
C:\Users\ASUS\Desktop\research\mitacs project\paper experiments\cifar dataset\cifar_org_dataset\batch_5_2415.png,C:\Users\ASUS\Desktop\research\mitacs project\paper experiments\cifar dataset\cifar_gen_dataset\batch_5_2415.png,jpeg_compression,0,0,0.905295253,6.61447,0.653145,0.97804065,0.019706003
C:\Users\ASUS\Desktop\research\mitacs project\paper experiments\cifar dataset\cifar_org_dataset\batch_5_2491.png,C:\Users\ASUS\Desktop\research\mitacs project\paper experiments\cifar dataset\cifar_gen_dataset\batch_5_2491.png,frost,0,0,0.469473108,11.025003,0.5185028,0.519648552,0.019021383
C:\Users\ASUS\Desktop\research\mitacs project\paper experiments\cifar dataset\cifar_org_dataset\batch_5_251.png,C:\Users\ASUS\Desktop\research\mitacs project\paper experiments\cifar dataset\cifar_gen_dataset\batch_5_251.png,frost,0,0,0.328715041,9.933629,0.4236429,0.716329106,0.009275233
C:\Users\ASUS\Desktop\research\mitacs project\paper experiments\cifar dataset\cifar_org_dataset\batch_5_2553.png,C:\Users\ASUS\Desktop\research\mitacs project\paper experiments\cifar dataset\cifar_gen_dataset\batch_5_2553.png,jpeg_compression,0,0,0.066814144,5.8390474,0.16359086,0.252935433,0.006739498
C:\Users\ASUS\Desktop\research\mitacs project\paper experiments\cifar dataset\cifar_org_dataset\batch_5_2565.png,C:\Users\ASUS\Desktop\research\mitacs project\paper experiments\cifar dataset\cifar_gen_dataset\batch_5_2565.png,frost,0,0,0.650473933,3.8425033,0.7646088,0.766074685,0.015508574
C:\Users\ASUS\Desktop\research\mitacs project\paper experiments\cifar dataset\cifar_org_dataset\batch_5_2676.png,C:\Users\ASUS\Desktop\research\mitacs project\paper experiments\cifar dataset\cifar_gen_dataset\batch_5_2676.png,frost,0,0,0.551743687,6.704352,0.53722274,0.746783075,0.011201789
C:\Users\ASUS\Desktop\research\mitacs project\paper experiments\cifar dataset\cifar_org_dataset\batch_5_2702.png,C:\Users\ASUS\Desktop\research\mitacs project\paper experiments\cifar dataset\cifar_gen_dataset\batch_5_2702.png,jpeg_compression,0,0,0.563750884,11.375468,0.47267845,0.888785759,0.013253436
C:\Users\ASUS\Desktop\research\mitacs project\paper experiments\cifar dataset\cifar_org_dataset\batch_5_2822.png,C:\Users\ASUS\Desktop\research\mitacs project\paper experiments\cifar dataset\cifar_gen_dataset\batch_5_2822.png,frost,0,0,0.10135321,8.588633,0.4232943,0.301212154,0.00760845
C:\Users\ASUS\Desktop\research\mitacs project\paper experiments\cifar dataset\cifar_org_dataset\batch_5_2879.png,C:\Users\ASUS\Desktop\research\mitacs project\paper experiments\cifar dataset\cifar_gen_dataset\batch_5_2879.png,jpeg_compression,1,1,0.658703386,12.760976,0.5785335,0.947893031,0.021541231
C:\Users\ASUS\Desktop\research\mitacs project\paper experiments\cifar dataset\cifar_org_dataset\batch_5_2917.png,C:\Users\ASUS\Desktop\research\mitacs project\paper experiments\cifar dataset\cifar_gen_dataset\batch_5_2917.png,frost,0,0,0.648928072,3.5846398,0.7240184,0.765348913,0.004779519
C:\Users\ASUS\Desktop\research\mitacs project\paper experiments\cifar dataset\cifar_org_dataset\batch_5_3051.png,C:\Users\ASUS\Desktop\research\mitacs project\paper experiments\cifar dataset\cifar_gen_dataset\batch_5_3051.png,jpeg_compression,0,0,0.576450114,7.061532,0.55156356,0.937654286,0.018972385
C:\Users\ASUS\Desktop\research\mitacs project\paper experiments\cifar dataset\cifar_org_dataset\batch_5_3134.png,C:\Users\ASUS\Desktop\research\mitacs project\paper experiments\cifar dataset\cifar_gen_dataset\batch_5_3134.png,jpeg_compression,0,0,0.639716155,5.6504335,0.5254892,0.919454462,0.01177622
C:\Users\ASUS\Desktop\research\mitacs project\paper experiments\cifar dataset\cifar_org_dataset\batch_5_3163.png,C:\Users\ASUS\Desktop\research\mitacs project\paper experiments\cifar dataset\cifar_gen_dataset\batch_5_3163.png,jpeg_compression,0,0,0.819757782,16.357174,0.65814614,0.973836454,0.048312505
C:\Users\ASUS\Desktop\research\mitacs project\paper experiments\cifar dataset\cifar_org_dataset\batch_5_3178.png,C:\Users\ASUS\Desktop\research\mitacs project\paper experiments\cifar dataset\cifar_gen_dataset\batch_5_3178.png,frost,1,1,0.691622813,7.8296638,0.6054897,0.776612461,0.011716817
C:\Users\ASUS\Desktop\research\mitacs project\paper experiments\cifar dataset\cifar_org_dataset\batch_5_3301.png,C:\Users\ASUS\Desktop\research\mitacs project\paper experiments\cifar dataset\cifar_gen_dataset\batch_5_3301.png,jpeg_compression,0,0,0.795219423,8.556036,0.6432744,0.956586251,0.026482466
C:\Users\ASUS\Desktop\research\mitacs project\paper experiments\cifar dataset\cifar_org_dataset\batch_5_3404.png,C:\Users\ASUS\Desktop\research\mitacs project\paper experiments\cifar dataset\cifar_gen_dataset\batch_5_3404.png,jpeg_compression,0,0,0.787603702,8.972328,0.53112996,0.971003882,0.019865842
C:\Users\ASUS\Desktop\research\mitacs project\paper experiments\cifar dataset\cifar_org_dataset\batch_5_3450.png,C:\Users\ASUS\Desktop\research\mitacs project\paper experiments\cifar dataset\cifar_gen_dataset\batch_5_3450.png,jpeg_compression,0,0,0.516112158,10.471599,0.4022689,0.861603504,0.013911971
C:\Users\ASUS\Desktop\research\mitacs project\paper experiments\cifar dataset\cifar_org_dataset\batch_5_3871.png,C:\Users\ASUS\Desktop\research\mitacs project\paper experiments\cifar dataset\cifar_gen_dataset\batch_5_3871.png,jpeg_compression,0,0,0.873366177,7.1374407,0.68148506,0.982881109,0.023019348
C:\Users\ASUS\Desktop\research\mitacs project\paper experiments\cifar dataset\cifar_org_dataset\batch_5_3957.png,C:\Users\ASUS\Desktop\research\mitacs project\paper experiments\cifar dataset\cifar_gen_dataset\batch_5_3957.png,jpeg_compression,0,0,0.671101724,9.034434,0.5700652,0.933793699,0.01513232
C:\Users\ASUS\Desktop\research\mitacs project\paper experiments\cifar dataset\cifar_org_dataset\batch_5_4156.png,C:\Users\ASUS\Desktop\research\mitacs project\paper experiments\cifar dataset\cifar_gen_dataset\batch_5_4156.png,jpeg_compression,0,0,0.504003524,6.4828386,0.539179,0.909791207,0.010330562
C:\Users\ASUS\Desktop\research\mitacs project\paper experiments\cifar dataset\cifar_org_dataset\batch_5_4316.png,C:\Users\ASUS\Desktop\research\mitacs project\paper experiments\cifar dataset\cifar_gen_dataset\batch_5_4316.png,jpeg_compression,0,0,0.664595441,11.061709,0.5723485,0.94881555,0.028789149
C:\Users\ASUS\Desktop\research\mitacs project\paper experiments\cifar dataset\cifar_org_dataset\batch_5_460.png,C:\Users\ASUS\Desktop\research\mitacs project\paper experiments\cifar dataset\cifar_gen_dataset\batch_5_460.png,jpeg_compression,0,0,0.47295264,15.864166,0.37320113,0.778032103,0.024103842
C:\Users\ASUS\Desktop\research\mitacs project\paper experiments\cifar dataset\cifar_org_dataset\batch_5_4648.png,C:\Users\ASUS\Desktop\research\mitacs project\paper experiments\cifar dataset\cifar_gen_dataset\batch_5_4648.png,jpeg_compression,0,0,0.72516129,12.798752,0.56354964,0.966908513,0.022949698
C:\Users\ASUS\Desktop\research\mitacs project\paper experiments\cifar dataset\cifar_org_dataset\batch_5_5034.png,C:\Users\ASUS\Desktop\research\mitacs project\paper experiments\cifar dataset\cifar_gen_dataset\batch_5_5034.png,jpeg_compression,0,0,0.881569414,6.9689,0.75493443,0.990415118,0.026961173
C:\Users\ASUS\Desktop\research\mitacs project\paper experiments\cifar dataset\cifar_org_dataset\batch_5_504.png,C:\Users\ASUS\Desktop\research\mitacs project\paper experiments\cifar dataset\cifar_gen_dataset\batch_5_504.png,jpeg_compression,0,0,0.867772013,6.8205576,0.75793535,0.992239727,0.019537686
C:\Users\ASUS\Desktop\research\mitacs project\paper experiments\cifar dataset\cifar_org_dataset\batch_5_5111.png,C:\Users\ASUS\Desktop\research\mitacs project\paper experiments\cifar dataset\cifar_gen_dataset\batch_5_5111.png,jpeg_compression,0,0,0.763681898,5.2037516,0.65889406,0.970533705,0.012102392
C:\Users\ASUS\Desktop\research\mitacs project\paper experiments\cifar dataset\cifar_org_dataset\batch_5_5180.png,C:\Users\ASUS\Desktop\research\mitacs project\paper experiments\cifar dataset\cifar_gen_dataset\batch_5_5180.png,jpeg_compression,0,0,0.68163002,9.568927,0.5601535,0.940485798,0.026458096
C:\Users\ASUS\Desktop\research\mitacs project\paper experiments\cifar dataset\cifar_org_dataset\batch_5_5194.png,C:\Users\ASUS\Desktop\research\mitacs project\paper experiments\cifar dataset\cifar_gen_dataset\batch_5_5194.png,jpeg_compression,1,1,0.287001154,16.849443,0.39746308,0.722984997,0.028481076
C:\Users\ASUS\Desktop\research\mitacs project\paper experiments\cifar dataset\cifar_org_dataset\batch_5_52.png,C:\Users\ASUS\Desktop\research\mitacs project\paper experiments\cifar dataset\cifar_gen_dataset\batch_5_52.png,jpeg_compression,1,1,0.716545799,13.401851,0.5898088,0.966146697,0.021135074
C:\Users\ASUS\Desktop\research\mitacs project\paper experiments\cifar dataset\cifar_org_dataset\batch_5_5290.png,C:\Users\ASUS\Desktop\research\mitacs project\paper experiments\cifar dataset\cifar_gen_dataset\batch_5_5290.png,jpeg_compression,0,0,0.79392097,4.1095934,0.5604825,0.953807957,0.005579557
C:\Users\ASUS\Desktop\research\mitacs project\paper experiments\cifar dataset\cifar_org_dataset\batch_5_5481.png,C:\Users\ASUS\Desktop\research\mitacs project\paper experiments\cifar dataset\cifar_gen_dataset\batch_5_5481.png,jpeg_compression,0,0,0.776232874,7.774012,0.53505296,0.94893519,0.009854623
C:\Users\ASUS\Desktop\research\mitacs project\paper experiments\cifar dataset\cifar_org_dataset\batch_5_5609.png,C:\Users\ASUS\Desktop\research\mitacs project\paper experiments\cifar dataset\cifar_gen_dataset\batch_5_5609.png,jpeg_compression,0,0,0.52066104,14.350115,0.5713915,0.884573357,0.024168022
C:\Users\ASUS\Desktop\research\mitacs project\paper experiments\cifar dataset\cifar_org_dataset\batch_5_5754.png,C:\Users\ASUS\Desktop\research\mitacs project\paper experiments\cifar dataset\cifar_gen_dataset\batch_5_5754.png,jpeg_compression,0,0,0.953002438,4.074817,0.8272039,0.994202383,0.015295869
C:\Users\ASUS\Desktop\research\mitacs project\paper experiments\cifar dataset\cifar_org_dataset\batch_5_5976.png,C:\Users\ASUS\Desktop\research\mitacs project\paper experiments\cifar dataset\cifar_gen_dataset\batch_5_5976.png,jpeg_compression,0,0,0.683880699,8.7768135,0.68739283,0.957875811,0.016183987
C:\Users\ASUS\Desktop\research\mitacs project\paper experiments\cifar dataset\cifar_org_dataset\batch_5_6138.png,C:\Users\ASUS\Desktop\research\mitacs project\paper experiments\cifar dataset\cifar_gen_dataset\batch_5_6138.png,jpeg_compression,0,0,0.786862531,3.644197,0.6635607,0.977257809,0.007670789
C:\Users\ASUS\Desktop\research\mitacs project\paper experiments\cifar dataset\cifar_org_dataset\batch_5_6160.png,C:\Users\ASUS\Desktop\research\mitacs project\paper experiments\cifar dataset\cifar_gen_dataset\batch_5_6160.png,jpeg_compression,0,0,0.648759588,13.618733,0.5163331,0.950716196,0.028856923
C:\Users\ASUS\Desktop\research\mitacs project\paper experiments\cifar dataset\cifar_org_dataset\batch_5_6177.png,C:\Users\ASUS\Desktop\research\mitacs project\paper experiments\cifar dataset\cifar_gen_dataset\batch_5_6177.png,jpeg_compression,1,1,0.701542789,11.790354,0.5510892,0.956428352,0.026538331
C:\Users\ASUS\Desktop\research\mitacs project\paper experiments\cifar dataset\cifar_org_dataset\batch_5_6328.png,C:\Users\ASUS\Desktop\research\mitacs project\paper experiments\cifar dataset\cifar_gen_dataset\batch_5_6328.png,jpeg_compression,1,1,0.809847632,14.717366,0.663865,0.98264412,0.031006134
C:\Users\ASUS\Desktop\research\mitacs project\paper experiments\cifar dataset\cifar_org_dataset\batch_5_6545.png,C:\Users\ASUS\Desktop\research\mitacs project\paper experiments\cifar dataset\cifar_gen_dataset\batch_5_6545.png,jpeg_compression,0,0,0.927623768,5.6304007,0.68605053,0.990254382,0.019625369
C:\Users\ASUS\Desktop\research\mitacs project\paper experiments\cifar dataset\cifar_org_dataset\batch_5_6824.png,C:\Users\ASUS\Desktop\research\mitacs project\paper experiments\cifar dataset\cifar_gen_dataset\batch_5_6824.png,jpeg_compression,0,0,0.788594372,5.0518208,0.5959142,0.935677462,0.01581336
C:\Users\ASUS\Desktop\research\mitacs project\paper experiments\cifar dataset\cifar_org_dataset\batch_5_6909.png,C:\Users\ASUS\Desktop\research\mitacs project\paper experiments\cifar dataset\cifar_gen_dataset\batch_5_6909.png,jpeg_compression,0,0,0.60949442,7.5545273,0.48044872,0.933143761,0.016206418
C:\Users\ASUS\Desktop\research\mitacs project\paper experiments\cifar dataset\cifar_org_dataset\batch_5_7125.png,C:\Users\ASUS\Desktop\research\mitacs project\paper experiments\cifar dataset\cifar_gen_dataset\batch_5_7125.png,jpeg_compression,0,0,0.499448911,10.743288,0.5101311,0.900587939,0.024964974
C:\Users\ASUS\Desktop\research\mitacs project\paper experiments\cifar dataset\cifar_org_dataset\batch_5_7137.png,C:\Users\ASUS\Desktop\research\mitacs project\paper experiments\cifar dataset\cifar_gen_dataset\batch_5_7137.png,jpeg_compression,0,0,0.781614396,7.624189,0.6200982,0.979113796,0.020485844
C:\Users\ASUS\Desktop\research\mitacs project\paper experiments\cifar dataset\cifar_org_dataset\batch_5_7380.png,C:\Users\ASUS\Desktop\research\mitacs project\paper experiments\cifar dataset\cifar_gen_dataset\batch_5_7380.png,jpeg_compression,0,0,0.684786833,9.628715,0.56781375,0.933615771,0.022349962
C:\Users\ASUS\Desktop\research\mitacs project\paper experiments\cifar dataset\cifar_org_dataset\batch_5_7470.png,C:\Users\ASUS\Desktop\research\mitacs project\paper experiments\cifar dataset\cifar_gen_dataset\batch_5_7470.png,jpeg_compression,1,1,0.505722035,14.306872,0.49779433,0.923062132,0.024945361
C:\Users\ASUS\Desktop\research\mitacs project\paper experiments\cifar dataset\cifar_org_dataset\batch_5_7482.png,C:\Users\ASUS\Desktop\research\mitacs project\paper experiments\cifar dataset\cifar_gen_dataset\batch_5_7482.png,jpeg_compression,0,0,0.544051981,6.081519,0.4532975,0.887222197,0.009447744
C:\Users\ASUS\Desktop\research\mitacs project\paper experiments\cifar dataset\cifar_org_dataset\batch_5_7659.png,C:\Users\ASUS\Desktop\research\mitacs project\paper experiments\cifar dataset\cifar_gen_dataset\batch_5_7659.png,jpeg_compression,0,0,0.602010118,10.4515705,0.41167226,0.942889682,0.019430035
C:\Users\ASUS\Desktop\research\mitacs project\paper experiments\cifar dataset\cifar_org_dataset\batch_5_7728.png,C:\Users\ASUS\Desktop\research\mitacs project\paper experiments\cifar dataset\cifar_gen_dataset\batch_5_7728.png,jpeg_compression,0,0,0.925987671,9.513774,0.6767179,0.988032495,0.024002203
C:\Users\ASUS\Desktop\research\mitacs project\paper experiments\cifar dataset\cifar_org_dataset\batch_5_8062.png,C:\Users\ASUS\Desktop\research\mitacs project\paper experiments\cifar dataset\cifar_gen_dataset\batch_5_8062.png,jpeg_compression,0,0,0.521552192,16.886532,0.41150883,0.897022968,0.047054592
C:\Users\ASUS\Desktop\research\mitacs project\paper experiments\cifar dataset\cifar_org_dataset\batch_5_8085.png,C:\Users\ASUS\Desktop\research\mitacs project\paper experiments\cifar dataset\cifar_gen_dataset\batch_5_8085.png,jpeg_compression,0,0,0.930980152,5.877032,0.6861636,0.990201242,0.023872027
C:\Users\ASUS\Desktop\research\mitacs project\paper experiments\cifar dataset\cifar_org_dataset\batch_5_8140.png,C:\Users\ASUS\Desktop\research\mitacs project\paper experiments\cifar dataset\cifar_gen_dataset\batch_5_8140.png,jpeg_compression,1,1,0.781028259,5.2477884,0.6690373,0.967078547,0.012370077
C:\Users\ASUS\Desktop\research\mitacs project\paper experiments\cifar dataset\cifar_org_dataset\batch_5_8317.png,C:\Users\ASUS\Desktop\research\mitacs project\paper experiments\cifar dataset\cifar_gen_dataset\batch_5_8317.png,jpeg_compression,0,0,0.802252754,6.918433,0.56736356,0.964987188,0.020851788
C:\Users\ASUS\Desktop\research\mitacs project\paper experiments\cifar dataset\cifar_org_dataset\batch_5_8341.png,C:\Users\ASUS\Desktop\research\mitacs project\paper experiments\cifar dataset\cifar_gen_dataset\batch_5_8341.png,jpeg_compression,0,0,0.483049346,10.081305,0.4647854,0.881638503,0.018005057
C:\Users\ASUS\Desktop\research\mitacs project\paper experiments\cifar dataset\cifar_org_dataset\batch_5_854.png,C:\Users\ASUS\Desktop\research\mitacs project\paper experiments\cifar dataset\cifar_gen_dataset\batch_5_854.png,jpeg_compression,0,0,0.697917862,8.570143,0.5335087,0.910304372,0.016010141
C:\Users\ASUS\Desktop\research\mitacs project\paper experiments\cifar dataset\cifar_org_dataset\batch_5_867.png,C:\Users\ASUS\Desktop\research\mitacs project\paper experiments\cifar dataset\cifar_gen_dataset\batch_5_867.png,jpeg_compression,0,0,0.873199303,4.919671,0.7502422,0.975312408,0.018813018
C:\Users\ASUS\Desktop\research\mitacs project\paper experiments\cifar dataset\cifar_org_dataset\batch_5_8808.png,C:\Users\ASUS\Desktop\research\mitacs project\paper experiments\cifar dataset\cifar_gen_dataset\batch_5_8808.png,jpeg_compression,0,0,0.525496169,10.216772,0.43048885,0.901915022,0.023986019
C:\Users\ASUS\Desktop\research\mitacs project\paper experiments\cifar dataset\cifar_org_dataset\batch_5_8827.png,C:\Users\ASUS\Desktop\research\mitacs project\paper experiments\cifar dataset\cifar_gen_dataset\batch_5_8827.png,jpeg_compression,1,1,0.75299212,9.126197,0.6006874,0.958664891,0.021019445
C:\Users\ASUS\Desktop\research\mitacs project\paper experiments\cifar dataset\cifar_org_dataset\batch_5_9160.png,C:\Users\ASUS\Desktop\research\mitacs project\paper experiments\cifar dataset\cifar_gen_dataset\batch_5_9160.png,jpeg_compression,0,0,0.737154744,4.5653963,0.54346246,0.949107574,0.009731996
C:\Users\ASUS\Desktop\research\mitacs project\paper experiments\cifar dataset\cifar_org_dataset\batch_5_9196.png,C:\Users\ASUS\Desktop\research\mitacs project\paper experiments\cifar dataset\cifar_gen_dataset\batch_5_9196.png,jpeg_compression,1,1,0.384878223,11.370435,0.4696657,0.830392596,0.017559948
C:\Users\ASUS\Desktop\research\mitacs project\paper experiments\cifar dataset\cifar_org_dataset\batch_5_9464.png,C:\Users\ASUS\Desktop\research\mitacs project\paper experiments\cifar dataset\cifar_gen_dataset\batch_5_9464.png,jpeg_compression,0,0,0.445237506,26.013977,0.45055833,0.809515163,0.046043939
C:\Users\ASUS\Desktop\research\mitacs project\paper experiments\cifar dataset\cifar_org_dataset\batch_5_9475.png,C:\Users\ASUS\Desktop\research\mitacs project\paper experiments\cifar dataset\cifar_gen_dataset\batch_5_9475.png,jpeg_compression,0,0,0.571469519,8.702341,0.44307688,0.90638238,0.014070565
C:\Users\ASUS\Desktop\research\mitacs project\paper experiments\cifar dataset\cifar_org_dataset\batch_5_9500.png,C:\Users\ASUS\Desktop\research\mitacs project\paper experiments\cifar dataset\cifar_gen_dataset\batch_5_9500.png,jpeg_compression,0,0,0.879793516,7.9908247,0.67526895,0.981557485,0.032952404
C:\Users\ASUS\Desktop\research\mitacs project\paper experiments\cifar dataset\cifar_org_dataset\batch_5_9613.png,C:\Users\ASUS\Desktop\research\mitacs project\paper experiments\cifar dataset\cifar_gen_dataset\batch_5_9613.png,jpeg_compression,1,1,0.72490204,8.619469,0.59120226,0.96835237,0.017590875
C:\Users\ASUS\Desktop\research\mitacs project\paper experiments\cifar dataset\cifar_org_dataset\batch_5_9625.png,C:\Users\ASUS\Desktop\research\mitacs project\paper experiments\cifar dataset\cifar_gen_dataset\batch_5_9625.png,jpeg_compression,0,0,0.357996323,10.6662245,0.42056808,0.81309725,0.016213315
