,original_image_link,transformed_image_link,transformation,org label,trns label,label,IQA
0,https://pilotexp.s3.ca-central-1.amazonaws.com/cifar10/IMG_ORIGINAL/brightness/batch_1_1140.png,https://pilotexp.s3.ca-central-1.amazonaws.com/cifar10/IMG_TRANSFORMED/brightness/batch_1_1140.png,brightness,car,not car,0,0.358750925
1,https://pilotexp.s3.ca-central-1.amazonaws.com/cifar10/IMG_ORIGINAL/brightness/batch_1_1149.png,https://pilotexp.s3.ca-central-1.amazonaws.com/cifar10/IMG_TRANSFORMED/brightness/batch_1_1149.png,brightness,not car,not car,1,0.481426483
2,https://pilotexp.s3.ca-central-1.amazonaws.com/cifar10/IMG_ORIGINAL/brightness/batch_1_1355.png,https://pilotexp.s3.ca-central-1.amazonaws.com/cifar10/IMG_TRANSFORMED/brightness/batch_1_1355.png,brightness,not car,not car,1,0.232783255
3,https://pilotexp.s3.ca-central-1.amazonaws.com/cifar10/IMG_ORIGINAL/brightness/batch_1_1391.png,https://pilotexp.s3.ca-central-1.amazonaws.com/cifar10/IMG_TRANSFORMED/brightness/batch_1_1391.png,brightness,not car,not car,1,0.128422772
4,https://pilotexp.s3.ca-central-1.amazonaws.com/cifar10/IMG_ORIGINAL/brightness/batch_1_1508.png,https://pilotexp.s3.ca-central-1.amazonaws.com/cifar10/IMG_TRANSFORMED/brightness/batch_1_1508.png,brightness,not car,not car,1,0.132020617
5,https://pilotexp.s3.ca-central-1.amazonaws.com/cifar10/IMG_ORIGINAL/brightness/batch_1_1528.png,https://pilotexp.s3.ca-central-1.amazonaws.com/cifar10/IMG_TRANSFORMED/brightness/batch_1_1528.png,brightness,not car,not car,1,0.258211264
6,https://pilotexp.s3.ca-central-1.amazonaws.com/cifar10/IMG_ORIGINAL/brightness/batch_1_1632.png,https://pilotexp.s3.ca-central-1.amazonaws.com/cifar10/IMG_TRANSFORMED/brightness/batch_1_1632.png,brightness,not car,not car,1,0.847956635
7,https://pilotexp.s3.ca-central-1.amazonaws.com/cifar10/IMG_ORIGINAL/brightness/batch_1_1734.png,https://pilotexp.s3.ca-central-1.amazonaws.com/cifar10/IMG_TRANSFORMED/brightness/batch_1_1734.png,brightness,car,car,1,0.641882621
8,https://pilotexp.s3.ca-central-1.amazonaws.com/cifar10/IMG_ORIGINAL/brightness/batch_1_1799.png,https://pilotexp.s3.ca-central-1.amazonaws.com/cifar10/IMG_TRANSFORMED/brightness/batch_1_1799.png,brightness,car,car,1,0.443370494
9,https://pilotexp.s3.ca-central-1.amazonaws.com/cifar10/IMG_ORIGINAL/brightness/batch_1_2206.png,https://pilotexp.s3.ca-central-1.amazonaws.com/cifar10/IMG_TRANSFORMED/brightness/batch_1_2206.png,brightness,car,car,1,0.257097254
10,https://pilotexp.s3.ca-central-1.amazonaws.com/cifar10/IMG_ORIGINAL/brightness/batch_1_2277.png,https://pilotexp.s3.ca-central-1.amazonaws.com/cifar10/IMG_TRANSFORMED/brightness/batch_1_2277.png,brightness,not car,not car,1,0.406072329
11,https://pilotexp.s3.ca-central-1.amazonaws.com/cifar10/IMG_ORIGINAL/brightness/batch_1_2286.png,https://pilotexp.s3.ca-central-1.amazonaws.com/cifar10/IMG_TRANSFORMED/brightness/batch_1_2286.png,brightness,car,car,1,0.127484658
12,https://pilotexp.s3.ca-central-1.amazonaws.com/cifar10/IMG_ORIGINAL/brightness/batch_1_2409.png,https://pilotexp.s3.ca-central-1.amazonaws.com/cifar10/IMG_TRANSFORMED/brightness/batch_1_2409.png,brightness,not car,not car,1,0.115038042
13,https://pilotexp.s3.ca-central-1.amazonaws.com/cifar10/IMG_ORIGINAL/brightness/batch_1_2993.png,https://pilotexp.s3.ca-central-1.amazonaws.com/cifar10/IMG_TRANSFORMED/brightness/batch_1_2993.png,brightness,not car,not car,1,0.96524578
14,https://pilotexp.s3.ca-central-1.amazonaws.com/cifar10/IMG_ORIGINAL/brightness/batch_1_3043.png,https://pilotexp.s3.ca-central-1.amazonaws.com/cifar10/IMG_TRANSFORMED/brightness/batch_1_3043.png,brightness,not car,not car,1,0.89321737
15,https://pilotexp.s3.ca-central-1.amazonaws.com/cifar10/IMG_ORIGINAL/brightness/batch_1_3131.png,https://pilotexp.s3.ca-central-1.amazonaws.com/cifar10/IMG_TRANSFORMED/brightness/batch_1_3131.png,brightness,car,car,1,0.431868024
16,https://pilotexp.s3.ca-central-1.amazonaws.com/cifar10/IMG_ORIGINAL/brightness/batch_1_3263.png,https://pilotexp.s3.ca-central-1.amazonaws.com/cifar10/IMG_TRANSFORMED/brightness/batch_1_3263.png,brightness,not car,not car,1,0.096537256
17,https://pilotexp.s3.ca-central-1.amazonaws.com/cifar10/IMG_ORIGINAL/brightness/batch_1_3466.png,https://pilotexp.s3.ca-central-1.amazonaws.com/cifar10/IMG_TRANSFORMED/brightness/batch_1_3466.png,brightness,not car,not car,1,0.090491759
18,https://pilotexp.s3.ca-central-1.amazonaws.com/cifar10/IMG_ORIGINAL/brightness/batch_1_3548.png,https://pilotexp.s3.ca-central-1.amazonaws.com/cifar10/IMG_TRANSFORMED/brightness/batch_1_3548.png,brightness,not car,not car,1,0.940581157
19,https://pilotexp.s3.ca-central-1.amazonaws.com/cifar10/IMG_ORIGINAL/brightness/batch_1_3580.png,https://pilotexp.s3.ca-central-1.amazonaws.com/cifar10/IMG_TRANSFORMED/brightness/batch_1_3580.png,brightness,not car,not car,1,0.502362494
20,https://pilotexp.s3.ca-central-1.amazonaws.com/cifar10/IMG_ORIGINAL/brightness/batch_1_3762.png,https://pilotexp.s3.ca-central-1.amazonaws.com/cifar10/IMG_TRANSFORMED/brightness/batch_1_3762.png,brightness,not car,not car,1,0.053127481
21,https://pilotexp.s3.ca-central-1.amazonaws.com/cifar10/IMG_ORIGINAL/brightness/batch_1_398.png,https://pilotexp.s3.ca-central-1.amazonaws.com/cifar10/IMG_TRANSFORMED/brightness/batch_1_398.png,brightness,not car,not car,1,0.159114461
22,https://pilotexp.s3.ca-central-1.amazonaws.com/cifar10/IMG_ORIGINAL/brightness/batch_1_4017.png,https://pilotexp.s3.ca-central-1.amazonaws.com/cifar10/IMG_TRANSFORMED/brightness/batch_1_4017.png,brightness,not car,not car,1,0.833880487
23,https://pilotexp.s3.ca-central-1.amazonaws.com/cifar10/IMG_ORIGINAL/brightness/batch_1_4186.png,https://pilotexp.s3.ca-central-1.amazonaws.com/cifar10/IMG_TRANSFORMED/brightness/batch_1_4186.png,brightness,not car,not car,1,0.176451514
24,https://pilotexp.s3.ca-central-1.amazonaws.com/cifar10/IMG_ORIGINAL/brightness/batch_1_4344.png,https://pilotexp.s3.ca-central-1.amazonaws.com/cifar10/IMG_TRANSFORMED/brightness/batch_1_4344.png,brightness,car,car,1,0.375523956
25,https://pilotexp.s3.ca-central-1.amazonaws.com/cifar10/IMG_ORIGINAL/brightness/batch_1_4432.png,https://pilotexp.s3.ca-central-1.amazonaws.com/cifar10/IMG_TRANSFORMED/brightness/batch_1_4432.png,brightness,not car,not car,1,0.361097492
26,https://pilotexp.s3.ca-central-1.amazonaws.com/cifar10/IMG_ORIGINAL/brightness/batch_1_4594.png,https://pilotexp.s3.ca-central-1.amazonaws.com/cifar10/IMG_TRANSFORMED/brightness/batch_1_4594.png,brightness,not car,not car,1,0.59680123
27,https://pilotexp.s3.ca-central-1.amazonaws.com/cifar10/IMG_ORIGINAL/brightness/batch_1_4730.png,https://pilotexp.s3.ca-central-1.amazonaws.com/cifar10/IMG_TRANSFORMED/brightness/batch_1_4730.png,brightness,not car,not car,1,0.160248536
28,https://pilotexp.s3.ca-central-1.amazonaws.com/cifar10/IMG_ORIGINAL/brightness/batch_1_4758.png,https://pilotexp.s3.ca-central-1.amazonaws.com/cifar10/IMG_TRANSFORMED/brightness/batch_1_4758.png,brightness,not car,not car,1,0.221254502
29,https://pilotexp.s3.ca-central-1.amazonaws.com/cifar10/IMG_ORIGINAL/brightness/batch_1_4889.png,https://pilotexp.s3.ca-central-1.amazonaws.com/cifar10/IMG_TRANSFORMED/brightness/batch_1_4889.png,brightness,car,car,1,0.242389435
30,https://pilotexp.s3.ca-central-1.amazonaws.com/cifar10/IMG_ORIGINAL/brightness/batch_1_4910.png,https://pilotexp.s3.ca-central-1.amazonaws.com/cifar10/IMG_TRANSFORMED/brightness/batch_1_4910.png,brightness,not car,not car,1,0.128470884
31,https://pilotexp.s3.ca-central-1.amazonaws.com/cifar10/IMG_ORIGINAL/brightness/batch_1_5180.png,https://pilotexp.s3.ca-central-1.amazonaws.com/cifar10/IMG_TRANSFORMED/brightness/batch_1_5180.png,brightness,not car,not car,1,0.876751863
32,https://pilotexp.s3.ca-central-1.amazonaws.com/cifar10/IMG_ORIGINAL/brightness/batch_1_5299.png,https://pilotexp.s3.ca-central-1.amazonaws.com/cifar10/IMG_TRANSFORMED/brightness/batch_1_5299.png,brightness,not car,not car,1,0.961544754
33,https://pilotexp.s3.ca-central-1.amazonaws.com/cifar10/IMG_ORIGINAL/brightness/batch_1_542.png,https://pilotexp.s3.ca-central-1.amazonaws.com/cifar10/IMG_TRANSFORMED/brightness/batch_1_542.png,brightness,not car,not car,1,0.952257342
34,https://pilotexp.s3.ca-central-1.amazonaws.com/cifar10/IMG_ORIGINAL/brightness/batch_1_545.png,https://pilotexp.s3.ca-central-1.amazonaws.com/cifar10/IMG_TRANSFORMED/brightness/batch_1_545.png,brightness,not car,not car,1,0.905218007
35,https://pilotexp.s3.ca-central-1.amazonaws.com/cifar10/IMG_ORIGINAL/brightness/batch_1_5573.png,https://pilotexp.s3.ca-central-1.amazonaws.com/cifar10/IMG_TRANSFORMED/brightness/batch_1_5573.png,brightness,car,not car,0,0.904820034
36,https://pilotexp.s3.ca-central-1.amazonaws.com/cifar10/IMG_ORIGINAL/brightness/batch_1_5719.png,https://pilotexp.s3.ca-central-1.amazonaws.com/cifar10/IMG_TRANSFORMED/brightness/batch_1_5719.png,brightness,not car,not car,1,0.878999284
37,https://pilotexp.s3.ca-central-1.amazonaws.com/cifar10/IMG_ORIGINAL/brightness/batch_1_5888.png,https://pilotexp.s3.ca-central-1.amazonaws.com/cifar10/IMG_TRANSFORMED/brightness/batch_1_5888.png,brightness,not car,not car,1,0.636704576
38,https://pilotexp.s3.ca-central-1.amazonaws.com/cifar10/IMG_ORIGINAL/brightness/batch_1_5956.png,https://pilotexp.s3.ca-central-1.amazonaws.com/cifar10/IMG_TRANSFORMED/brightness/batch_1_5956.png,brightness,not car,not car,1,0.211067647
39,https://pilotexp.s3.ca-central-1.amazonaws.com/cifar10/IMG_ORIGINAL/brightness/batch_1_6041.png,https://pilotexp.s3.ca-central-1.amazonaws.com/cifar10/IMG_TRANSFORMED/brightness/batch_1_6041.png,brightness,not car,not car,1,0.140203372
40,https://pilotexp.s3.ca-central-1.amazonaws.com/cifar10/IMG_ORIGINAL/brightness/batch_1_6064.png,https://pilotexp.s3.ca-central-1.amazonaws.com/cifar10/IMG_TRANSFORMED/brightness/batch_1_6064.png,brightness,car,car,1,0.704403018
41,https://pilotexp.s3.ca-central-1.amazonaws.com/cifar10/IMG_ORIGINAL/brightness/batch_1_6206.png,https://pilotexp.s3.ca-central-1.amazonaws.com/cifar10/IMG_TRANSFORMED/brightness/batch_1_6206.png,brightness,not car,not car,1,0.975716774
42,https://pilotexp.s3.ca-central-1.amazonaws.com/cifar10/IMG_ORIGINAL/brightness/batch_1_6290.png,https://pilotexp.s3.ca-central-1.amazonaws.com/cifar10/IMG_TRANSFORMED/brightness/batch_1_6290.png,brightness,not car,not car,1,0.265444234
43,https://pilotexp.s3.ca-central-1.amazonaws.com/cifar10/IMG_ORIGINAL/brightness/batch_1_6780.png,https://pilotexp.s3.ca-central-1.amazonaws.com/cifar10/IMG_TRANSFORMED/brightness/batch_1_6780.png,brightness,not car,not car,1,0.913419243
44,https://pilotexp.s3.ca-central-1.amazonaws.com/cifar10/IMG_ORIGINAL/brightness/batch_1_7012.png,https://pilotexp.s3.ca-central-1.amazonaws.com/cifar10/IMG_TRANSFORMED/brightness/batch_1_7012.png,brightness,not car,not car,1,0.49913514
45,https://pilotexp.s3.ca-central-1.amazonaws.com/cifar10/IMG_ORIGINAL/brightness/batch_1_7047.png,https://pilotexp.s3.ca-central-1.amazonaws.com/cifar10/IMG_TRANSFORMED/brightness/batch_1_7047.png,brightness,not car,not car,1,0.148747431
46,https://pilotexp.s3.ca-central-1.amazonaws.com/cifar10/IMG_ORIGINAL/brightness/batch_1_7080.png,https://pilotexp.s3.ca-central-1.amazonaws.com/cifar10/IMG_TRANSFORMED/brightness/batch_1_7080.png,brightness,car,car,1,0.55112945
47,https://pilotexp.s3.ca-central-1.amazonaws.com/cifar10/IMG_ORIGINAL/brightness/batch_1_7436.png,https://pilotexp.s3.ca-central-1.amazonaws.com/cifar10/IMG_TRANSFORMED/brightness/batch_1_7436.png,brightness,not car,not car,1,0.939270292
48,https://pilotexp.s3.ca-central-1.amazonaws.com/cifar10/IMG_ORIGINAL/brightness/batch_1_7474.png,https://pilotexp.s3.ca-central-1.amazonaws.com/cifar10/IMG_TRANSFORMED/brightness/batch_1_7474.png,brightness,not car,not car,1,0.869126443
49,https://pilotexp.s3.ca-central-1.amazonaws.com/cifar10/IMG_ORIGINAL/brightness/batch_1_7500.png,https://pilotexp.s3.ca-central-1.amazonaws.com/cifar10/IMG_TRANSFORMED/brightness/batch_1_7500.png,brightness,not car,not car,1,0.918070646
50,https://pilotexp.s3.ca-central-1.amazonaws.com/cifar10/IMG_ORIGINAL/brightness/batch_1_7730.png,https://pilotexp.s3.ca-central-1.amazonaws.com/cifar10/IMG_TRANSFORMED/brightness/batch_1_7730.png,brightness,not car,not car,1,0.764016756
51,https://pilotexp.s3.ca-central-1.amazonaws.com/cifar10/IMG_ORIGINAL/brightness/batch_1_7788.png,https://pilotexp.s3.ca-central-1.amazonaws.com/cifar10/IMG_TRANSFORMED/brightness/batch_1_7788.png,brightness,not car,not car,1,0.26260041
52,https://pilotexp.s3.ca-central-1.amazonaws.com/cifar10/IMG_ORIGINAL/brightness/batch_1_7933.png,https://pilotexp.s3.ca-central-1.amazonaws.com/cifar10/IMG_TRANSFORMED/brightness/batch_1_7933.png,brightness,not car,not car,1,0.1100633
53,https://pilotexp.s3.ca-central-1.amazonaws.com/cifar10/IMG_ORIGINAL/brightness/batch_1_7944.png,https://pilotexp.s3.ca-central-1.amazonaws.com/cifar10/IMG_TRANSFORMED/brightness/batch_1_7944.png,brightness,car,car,1,0.434429974
54,https://pilotexp.s3.ca-central-1.amazonaws.com/cifar10/IMG_ORIGINAL/brightness/batch_1_7985.png,https://pilotexp.s3.ca-central-1.amazonaws.com/cifar10/IMG_TRANSFORMED/brightness/batch_1_7985.png,brightness,not car,not car,1,0.82754802
55,https://pilotexp.s3.ca-central-1.amazonaws.com/cifar10/IMG_ORIGINAL/brightness/batch_1_8128.png,https://pilotexp.s3.ca-central-1.amazonaws.com/cifar10/IMG_TRANSFORMED/brightness/batch_1_8128.png,brightness,not car,not car,1,0.117610107
56,https://pilotexp.s3.ca-central-1.amazonaws.com/cifar10/IMG_ORIGINAL/brightness/batch_1_8258.png,https://pilotexp.s3.ca-central-1.amazonaws.com/cifar10/IMG_TRANSFORMED/brightness/batch_1_8258.png,brightness,not car,not car,1,0.970452473
57,https://pilotexp.s3.ca-central-1.amazonaws.com/cifar10/IMG_ORIGINAL/brightness/batch_1_8485.png,https://pilotexp.s3.ca-central-1.amazonaws.com/cifar10/IMG_TRANSFORMED/brightness/batch_1_8485.png,brightness,not car,not car,1,0.188474521
58,https://pilotexp.s3.ca-central-1.amazonaws.com/cifar10/IMG_ORIGINAL/brightness/batch_1_8634.png,https://pilotexp.s3.ca-central-1.amazonaws.com/cifar10/IMG_TRANSFORMED/brightness/batch_1_8634.png,brightness,not car,not car,1,0.151990281
59,https://pilotexp.s3.ca-central-1.amazonaws.com/cifar10/IMG_ORIGINAL/brightness/batch_1_9153.png,https://pilotexp.s3.ca-central-1.amazonaws.com/cifar10/IMG_TRANSFORMED/brightness/batch_1_9153.png,brightness,not car,not car,1,0.14665829
60,https://pilotexp.s3.ca-central-1.amazonaws.com/cifar10/IMG_ORIGINAL/brightness/batch_1_9208.png,https://pilotexp.s3.ca-central-1.amazonaws.com/cifar10/IMG_TRANSFORMED/brightness/batch_1_9208.png,brightness,not car,car,0,0.95875043
61,https://pilotexp.s3.ca-central-1.amazonaws.com/cifar10/IMG_ORIGINAL/brightness/batch_1_9279.png,https://pilotexp.s3.ca-central-1.amazonaws.com/cifar10/IMG_TRANSFORMED/brightness/batch_1_9279.png,brightness,not car,not car,1,0.714813494
62,https://pilotexp.s3.ca-central-1.amazonaws.com/cifar10/IMG_ORIGINAL/brightness/batch_1_9280.png,https://pilotexp.s3.ca-central-1.amazonaws.com/cifar10/IMG_TRANSFORMED/brightness/batch_1_9280.png,brightness,not car,not car,1,0.218315586
63,https://pilotexp.s3.ca-central-1.amazonaws.com/cifar10/IMG_ORIGINAL/brightness/batch_1_9729.png,https://pilotexp.s3.ca-central-1.amazonaws.com/cifar10/IMG_TRANSFORMED/brightness/batch_1_9729.png,brightness,not car,not car,1,0.316625791
64,https://pilotexp.s3.ca-central-1.amazonaws.com/cifar10/IMG_ORIGINAL/brightness/batch_1_9951.png,https://pilotexp.s3.ca-central-1.amazonaws.com/cifar10/IMG_TRANSFORMED/brightness/batch_1_9951.png,brightness,not car,not car,1,0.113237572
65,https://pilotexp.s3.ca-central-1.amazonaws.com/cifar10/IMG_ORIGINAL/brightness/batch_1_9986.png,https://pilotexp.s3.ca-central-1.amazonaws.com/cifar10/IMG_TRANSFORMED/brightness/batch_1_9986.png,brightness,not car,not car,1,0.080950816
66,https://pilotexp.s3.ca-central-1.amazonaws.com/cifar10/IMG_ORIGINAL/brightness/batch_2_1155.png,https://pilotexp.s3.ca-central-1.amazonaws.com/cifar10/IMG_TRANSFORMED/brightness/batch_2_1155.png,brightness,not car,not car,1,0.50031303
67,https://pilotexp.s3.ca-central-1.amazonaws.com/cifar10/IMG_ORIGINAL/brightness/batch_2_1264.png,https://pilotexp.s3.ca-central-1.amazonaws.com/cifar10/IMG_TRANSFORMED/brightness/batch_2_1264.png,brightness,car,car,1,0.532990494
68,https://pilotexp.s3.ca-central-1.amazonaws.com/cifar10/IMG_ORIGINAL/brightness/batch_2_1296.png,https://pilotexp.s3.ca-central-1.amazonaws.com/cifar10/IMG_TRANSFORMED/brightness/batch_2_1296.png,brightness,car,car,1,0.224652619
69,https://pilotexp.s3.ca-central-1.amazonaws.com/cifar10/IMG_ORIGINAL/brightness/batch_2_1303.png,https://pilotexp.s3.ca-central-1.amazonaws.com/cifar10/IMG_TRANSFORMED/brightness/batch_2_1303.png,brightness,not car,not car,1,0.949476645
70,https://pilotexp.s3.ca-central-1.amazonaws.com/cifar10/IMG_ORIGINAL/brightness/batch_2_1452.png,https://pilotexp.s3.ca-central-1.amazonaws.com/cifar10/IMG_TRANSFORMED/brightness/batch_2_1452.png,brightness,not car,not car,1,0.943525691
71,https://pilotexp.s3.ca-central-1.amazonaws.com/cifar10/IMG_ORIGINAL/brightness/batch_2_1633.png,https://pilotexp.s3.ca-central-1.amazonaws.com/cifar10/IMG_TRANSFORMED/brightness/batch_2_1633.png,brightness,not car,not car,1,0.999861101
72,https://pilotexp.s3.ca-central-1.amazonaws.com/cifar10/IMG_ORIGINAL/brightness/batch_2_1804.png,https://pilotexp.s3.ca-central-1.amazonaws.com/cifar10/IMG_TRANSFORMED/brightness/batch_2_1804.png,brightness,car,car,1,0.657049203
73,https://pilotexp.s3.ca-central-1.amazonaws.com/cifar10/IMG_ORIGINAL/brightness/batch_2_1949.png,https://pilotexp.s3.ca-central-1.amazonaws.com/cifar10/IMG_TRANSFORMED/brightness/batch_2_1949.png,brightness,not car,not car,1,0.194488402
74,https://pilotexp.s3.ca-central-1.amazonaws.com/cifar10/IMG_ORIGINAL/brightness/batch_2_1959.png,https://pilotexp.s3.ca-central-1.amazonaws.com/cifar10/IMG_TRANSFORMED/brightness/batch_2_1959.png,brightness,not car,not car,1,0.618329931
75,https://pilotexp.s3.ca-central-1.amazonaws.com/cifar10/IMG_ORIGINAL/brightness/batch_2_20.png,https://pilotexp.s3.ca-central-1.amazonaws.com/cifar10/IMG_TRANSFORMED/brightness/batch_2_20.png,brightness,not car,not car,1,0.337500424
76,https://pilotexp.s3.ca-central-1.amazonaws.com/cifar10/IMG_ORIGINAL/brightness/batch_2_261.png,https://pilotexp.s3.ca-central-1.amazonaws.com/cifar10/IMG_TRANSFORMED/brightness/batch_2_261.png,brightness,car,car,1,0.419519423
77,https://pilotexp.s3.ca-central-1.amazonaws.com/cifar10/IMG_ORIGINAL/brightness/batch_2_2864.png,https://pilotexp.s3.ca-central-1.amazonaws.com/cifar10/IMG_TRANSFORMED/brightness/batch_2_2864.png,brightness,not car,not car,1,0.679862852
78,https://pilotexp.s3.ca-central-1.amazonaws.com/cifar10/IMG_ORIGINAL/brightness/batch_2_3012.png,https://pilotexp.s3.ca-central-1.amazonaws.com/cifar10/IMG_TRANSFORMED/brightness/batch_2_3012.png,brightness,not car,not car,1,0.337809784
79,https://pilotexp.s3.ca-central-1.amazonaws.com/cifar10/IMG_ORIGINAL/brightness/batch_2_3459.png,https://pilotexp.s3.ca-central-1.amazonaws.com/cifar10/IMG_TRANSFORMED/brightness/batch_2_3459.png,brightness,not car,not car,1,0.518475873
80,https://pilotexp.s3.ca-central-1.amazonaws.com/cifar10/IMG_ORIGINAL/brightness/batch_2_3735.png,https://pilotexp.s3.ca-central-1.amazonaws.com/cifar10/IMG_TRANSFORMED/brightness/batch_2_3735.png,brightness,not car,not car,1,0.398606273
81,https://pilotexp.s3.ca-central-1.amazonaws.com/cifar10/IMG_ORIGINAL/brightness/batch_2_4001.png,https://pilotexp.s3.ca-central-1.amazonaws.com/cifar10/IMG_TRANSFORMED/brightness/batch_2_4001.png,brightness,not car,not car,1,0.77041931
82,https://pilotexp.s3.ca-central-1.amazonaws.com/cifar10/IMG_ORIGINAL/brightness/batch_2_4083.png,https://pilotexp.s3.ca-central-1.amazonaws.com/cifar10/IMG_TRANSFORMED/brightness/batch_2_4083.png,brightness,car,not car,0,0.000297128
83,https://pilotexp.s3.ca-central-1.amazonaws.com/cifar10/IMG_ORIGINAL/brightness/batch_2_4105.png,https://pilotexp.s3.ca-central-1.amazonaws.com/cifar10/IMG_TRANSFORMED/brightness/batch_2_4105.png,brightness,not car,not car,1,0.890377134
84,https://pilotexp.s3.ca-central-1.amazonaws.com/cifar10/IMG_ORIGINAL/brightness/batch_2_4251.png,https://pilotexp.s3.ca-central-1.amazonaws.com/cifar10/IMG_TRANSFORMED/brightness/batch_2_4251.png,brightness,not car,not car,1,0.221885929
85,https://pilotexp.s3.ca-central-1.amazonaws.com/cifar10/IMG_ORIGINAL/brightness/batch_2_430.png,https://pilotexp.s3.ca-central-1.amazonaws.com/cifar10/IMG_TRANSFORMED/brightness/batch_2_430.png,brightness,not car,not car,1,0.120461125
86,https://pilotexp.s3.ca-central-1.amazonaws.com/cifar10/IMG_ORIGINAL/brightness/batch_2_4378.png,https://pilotexp.s3.ca-central-1.amazonaws.com/cifar10/IMG_TRANSFORMED/brightness/batch_2_4378.png,brightness,car,car,1,0.442864625
87,https://pilotexp.s3.ca-central-1.amazonaws.com/cifar10/IMG_ORIGINAL/brightness/batch_2_4558.png,https://pilotexp.s3.ca-central-1.amazonaws.com/cifar10/IMG_TRANSFORMED/brightness/batch_2_4558.png,brightness,not car,not car,1,0.159248186
88,https://pilotexp.s3.ca-central-1.amazonaws.com/cifar10/IMG_ORIGINAL/brightness/batch_2_4617.png,https://pilotexp.s3.ca-central-1.amazonaws.com/cifar10/IMG_TRANSFORMED/brightness/batch_2_4617.png,brightness,car,car,1,0.611630217
89,https://pilotexp.s3.ca-central-1.amazonaws.com/cifar10/IMG_ORIGINAL/brightness/batch_2_4759.png,https://pilotexp.s3.ca-central-1.amazonaws.com/cifar10/IMG_TRANSFORMED/brightness/batch_2_4759.png,brightness,not car,not car,1,0.336671773
90,https://pilotexp.s3.ca-central-1.amazonaws.com/cifar10/IMG_ORIGINAL/brightness/batch_2_4864.png,https://pilotexp.s3.ca-central-1.amazonaws.com/cifar10/IMG_TRANSFORMED/brightness/batch_2_4864.png,brightness,not car,not car,1,0.18500747
91,https://pilotexp.s3.ca-central-1.amazonaws.com/cifar10/IMG_ORIGINAL/brightness/batch_2_4985.png,https://pilotexp.s3.ca-central-1.amazonaws.com/cifar10/IMG_TRANSFORMED/brightness/batch_2_4985.png,brightness,car,car,1,0.85374644
92,https://pilotexp.s3.ca-central-1.amazonaws.com/cifar10/IMG_ORIGINAL/brightness/batch_2_5099.png,https://pilotexp.s3.ca-central-1.amazonaws.com/cifar10/IMG_TRANSFORMED/brightness/batch_2_5099.png,brightness,not car,not car,1,0.209943062
93,https://pilotexp.s3.ca-central-1.amazonaws.com/cifar10/IMG_ORIGINAL/brightness/batch_2_5166.png,https://pilotexp.s3.ca-central-1.amazonaws.com/cifar10/IMG_TRANSFORMED/brightness/batch_2_5166.png,brightness,not car,not car,1,0.120290271
94,https://pilotexp.s3.ca-central-1.amazonaws.com/cifar10/IMG_ORIGINAL/brightness/batch_2_5329.png,https://pilotexp.s3.ca-central-1.amazonaws.com/cifar10/IMG_TRANSFORMED/brightness/batch_2_5329.png,brightness,not car,not car,1,0.493748309
95,https://pilotexp.s3.ca-central-1.amazonaws.com/cifar10/IMG_ORIGINAL/brightness/batch_2_5366.png,https://pilotexp.s3.ca-central-1.amazonaws.com/cifar10/IMG_TRANSFORMED/brightness/batch_2_5366.png,brightness,not car,not car,1,0.267071884
96,https://pilotexp.s3.ca-central-1.amazonaws.com/cifar10/IMG_ORIGINAL/brightness/batch_2_5570.png,https://pilotexp.s3.ca-central-1.amazonaws.com/cifar10/IMG_TRANSFORMED/brightness/batch_2_5570.png,brightness,car,not car,0,0.89070355
97,https://pilotexp.s3.ca-central-1.amazonaws.com/cifar10/IMG_ORIGINAL/brightness/batch_2_572.png,https://pilotexp.s3.ca-central-1.amazonaws.com/cifar10/IMG_TRANSFORMED/brightness/batch_2_572.png,brightness,not car,not car,1,0.104370472
98,https://pilotexp.s3.ca-central-1.amazonaws.com/cifar10/IMG_ORIGINAL/brightness/batch_2_5736.png,https://pilotexp.s3.ca-central-1.amazonaws.com/cifar10/IMG_TRANSFORMED/brightness/batch_2_5736.png,brightness,not car,not car,1,0.189121858
99,https://pilotexp.s3.ca-central-1.amazonaws.com/cifar10/IMG_ORIGINAL/brightness/batch_2_5766.png,https://pilotexp.s3.ca-central-1.amazonaws.com/cifar10/IMG_TRANSFORMED/brightness/batch_2_5766.png,brightness,not car,not car,1,0.438387498
100,https://pilotexp.s3.ca-central-1.amazonaws.com/cifar10/IMG_ORIGINAL/brightness/batch_2_61.png,https://pilotexp.s3.ca-central-1.amazonaws.com/cifar10/IMG_TRANSFORMED/brightness/batch_2_61.png,brightness,not car,not car,1,0.835086303
101,https://pilotexp.s3.ca-central-1.amazonaws.com/cifar10/IMG_ORIGINAL/brightness/batch_2_6206.png,https://pilotexp.s3.ca-central-1.amazonaws.com/cifar10/IMG_TRANSFORMED/brightness/batch_2_6206.png,brightness,not car,not car,1,0.664775032
102,https://pilotexp.s3.ca-central-1.amazonaws.com/cifar10/IMG_ORIGINAL/brightness/batch_2_6272.png,https://pilotexp.s3.ca-central-1.amazonaws.com/cifar10/IMG_TRANSFORMED/brightness/batch_2_6272.png,brightness,car,car,1,0.571676402
103,https://pilotexp.s3.ca-central-1.amazonaws.com/cifar10/IMG_ORIGINAL/brightness/batch_2_6298.png,https://pilotexp.s3.ca-central-1.amazonaws.com/cifar10/IMG_TRANSFORMED/brightness/batch_2_6298.png,brightness,not car,not car,1,0.687328674
104,https://pilotexp.s3.ca-central-1.amazonaws.com/cifar10/IMG_ORIGINAL/brightness/batch_2_6323.png,https://pilotexp.s3.ca-central-1.amazonaws.com/cifar10/IMG_TRANSFORMED/brightness/batch_2_6323.png,brightness,not car,not car,1,0.202278077
105,https://pilotexp.s3.ca-central-1.amazonaws.com/cifar10/IMG_ORIGINAL/brightness/batch_2_6329.png,https://pilotexp.s3.ca-central-1.amazonaws.com/cifar10/IMG_TRANSFORMED/brightness/batch_2_6329.png,brightness,car,not car,0,0.85584693
106,https://pilotexp.s3.ca-central-1.amazonaws.com/cifar10/IMG_ORIGINAL/brightness/batch_2_6598.png,https://pilotexp.s3.ca-central-1.amazonaws.com/cifar10/IMG_TRANSFORMED/brightness/batch_2_6598.png,brightness,car,not car,0,0.190422577
107,https://pilotexp.s3.ca-central-1.amazonaws.com/cifar10/IMG_ORIGINAL/brightness/batch_2_6906.png,https://pilotexp.s3.ca-central-1.amazonaws.com/cifar10/IMG_TRANSFORMED/brightness/batch_2_6906.png,brightness,not car,not car,1,0.621613318
108,https://pilotexp.s3.ca-central-1.amazonaws.com/cifar10/IMG_ORIGINAL/brightness/batch_2_7127.png,https://pilotexp.s3.ca-central-1.amazonaws.com/cifar10/IMG_TRANSFORMED/brightness/batch_2_7127.png,brightness,not car,not car,1,0.933278189
109,https://pilotexp.s3.ca-central-1.amazonaws.com/cifar10/IMG_ORIGINAL/brightness/batch_2_7566.png,https://pilotexp.s3.ca-central-1.amazonaws.com/cifar10/IMG_TRANSFORMED/brightness/batch_2_7566.png,brightness,not car,not car,1,0.113647854
110,https://pilotexp.s3.ca-central-1.amazonaws.com/cifar10/IMG_ORIGINAL/brightness/batch_2_7916.png,https://pilotexp.s3.ca-central-1.amazonaws.com/cifar10/IMG_TRANSFORMED/brightness/batch_2_7916.png,brightness,not car,not car,1,0.343656268
111,https://pilotexp.s3.ca-central-1.amazonaws.com/cifar10/IMG_ORIGINAL/brightness/batch_2_7995.png,https://pilotexp.s3.ca-central-1.amazonaws.com/cifar10/IMG_TRANSFORMED/brightness/batch_2_7995.png,brightness,car,not car,0,0.112895519
112,https://pilotexp.s3.ca-central-1.amazonaws.com/cifar10/IMG_ORIGINAL/brightness/batch_2_8054.png,https://pilotexp.s3.ca-central-1.amazonaws.com/cifar10/IMG_TRANSFORMED/brightness/batch_2_8054.png,brightness,not car,not car,1,0.340263398
113,https://pilotexp.s3.ca-central-1.amazonaws.com/cifar10/IMG_ORIGINAL/brightness/batch_2_8309.png,https://pilotexp.s3.ca-central-1.amazonaws.com/cifar10/IMG_TRANSFORMED/brightness/batch_2_8309.png,brightness,not car,not car,1,0.189970419
114,https://pilotexp.s3.ca-central-1.amazonaws.com/cifar10/IMG_ORIGINAL/brightness/batch_2_8416.png,https://pilotexp.s3.ca-central-1.amazonaws.com/cifar10/IMG_TRANSFORMED/brightness/batch_2_8416.png,brightness,not car,not car,1,0.596202727
115,https://pilotexp.s3.ca-central-1.amazonaws.com/cifar10/IMG_ORIGINAL/brightness/batch_2_8467.png,https://pilotexp.s3.ca-central-1.amazonaws.com/cifar10/IMG_TRANSFORMED/brightness/batch_2_8467.png,brightness,car,car,1,0.840346842
116,https://pilotexp.s3.ca-central-1.amazonaws.com/cifar10/IMG_ORIGINAL/brightness/batch_2_8610.png,https://pilotexp.s3.ca-central-1.amazonaws.com/cifar10/IMG_TRANSFORMED/brightness/batch_2_8610.png,brightness,not car,not car,1,0.957055917
117,https://pilotexp.s3.ca-central-1.amazonaws.com/cifar10/IMG_ORIGINAL/brightness/batch_2_8703.png,https://pilotexp.s3.ca-central-1.amazonaws.com/cifar10/IMG_TRANSFORMED/brightness/batch_2_8703.png,brightness,car,not car,0,0.803192702
118,https://pilotexp.s3.ca-central-1.amazonaws.com/cifar10/IMG_ORIGINAL/brightness/batch_2_8795.png,https://pilotexp.s3.ca-central-1.amazonaws.com/cifar10/IMG_TRANSFORMED/brightness/batch_2_8795.png,brightness,not car,not car,1,0.858469112
119,https://pilotexp.s3.ca-central-1.amazonaws.com/cifar10/IMG_ORIGINAL/brightness/batch_2_8858.png,https://pilotexp.s3.ca-central-1.amazonaws.com/cifar10/IMG_TRANSFORMED/brightness/batch_2_8858.png,brightness,not car,not car,1,0.065180621
120,https://pilotexp.s3.ca-central-1.amazonaws.com/cifar10/IMG_ORIGINAL/brightness/batch_2_9069.png,https://pilotexp.s3.ca-central-1.amazonaws.com/cifar10/IMG_TRANSFORMED/brightness/batch_2_9069.png,brightness,not car,not car,1,0.703329644
121,https://pilotexp.s3.ca-central-1.amazonaws.com/cifar10/IMG_ORIGINAL/brightness/batch_2_9231.png,https://pilotexp.s3.ca-central-1.amazonaws.com/cifar10/IMG_TRANSFORMED/brightness/batch_2_9231.png,brightness,not car,not car,1,0.95478619
122,https://pilotexp.s3.ca-central-1.amazonaws.com/cifar10/IMG_ORIGINAL/brightness/batch_2_9279.png,https://pilotexp.s3.ca-central-1.amazonaws.com/cifar10/IMG_TRANSFORMED/brightness/batch_2_9279.png,brightness,car,car,1,0.823445572
123,https://pilotexp.s3.ca-central-1.amazonaws.com/cifar10/IMG_ORIGINAL/brightness/batch_2_9327.png,https://pilotexp.s3.ca-central-1.amazonaws.com/cifar10/IMG_TRANSFORMED/brightness/batch_2_9327.png,brightness,not car,not car,1,0.237446851
124,https://pilotexp.s3.ca-central-1.amazonaws.com/cifar10/IMG_ORIGINAL/brightness/batch_2_9597.png,https://pilotexp.s3.ca-central-1.amazonaws.com/cifar10/IMG_TRANSFORMED/brightness/batch_2_9597.png,brightness,car,not car,0,0.120511415
125,https://pilotexp.s3.ca-central-1.amazonaws.com/cifar10/IMG_ORIGINAL/brightness/batch_2_9661.png,https://pilotexp.s3.ca-central-1.amazonaws.com/cifar10/IMG_TRANSFORMED/brightness/batch_2_9661.png,brightness,car,car,1,0.71990317
126,https://pilotexp.s3.ca-central-1.amazonaws.com/cifar10/IMG_ORIGINAL/brightness/batch_2_9708.png,https://pilotexp.s3.ca-central-1.amazonaws.com/cifar10/IMG_TRANSFORMED/brightness/batch_2_9708.png,brightness,not car,not car,1,0.603785337
127,https://pilotexp.s3.ca-central-1.amazonaws.com/cifar10/IMG_ORIGINAL/brightness/batch_2_9872.png,https://pilotexp.s3.ca-central-1.amazonaws.com/cifar10/IMG_TRANSFORMED/brightness/batch_2_9872.png,brightness,not car,not car,1,0.30968045
128,https://pilotexp.s3.ca-central-1.amazonaws.com/cifar10/IMG_ORIGINAL/brightness/batch_2_99.png,https://pilotexp.s3.ca-central-1.amazonaws.com/cifar10/IMG_TRANSFORMED/brightness/batch_2_99.png,brightness,not car,not car,1,0.725472186
129,https://pilotexp.s3.ca-central-1.amazonaws.com/cifar10/IMG_ORIGINAL/brightness/batch_2_9952.png,https://pilotexp.s3.ca-central-1.amazonaws.com/cifar10/IMG_TRANSFORMED/brightness/batch_2_9952.png,brightness,not car,not car,1,0.19945829
130,https://pilotexp.s3.ca-central-1.amazonaws.com/cifar10/IMG_ORIGINAL/brightness/batch_3_1084.png,https://pilotexp.s3.ca-central-1.amazonaws.com/cifar10/IMG_TRANSFORMED/brightness/batch_3_1084.png,brightness,not car,not car,1,0.895065092
131,https://pilotexp.s3.ca-central-1.amazonaws.com/cifar10/IMG_ORIGINAL/brightness/batch_3_1201.png,https://pilotexp.s3.ca-central-1.amazonaws.com/cifar10/IMG_TRANSFORMED/brightness/batch_3_1201.png,brightness,not car,not car,1,0.943848923
132,https://pilotexp.s3.ca-central-1.amazonaws.com/cifar10/IMG_ORIGINAL/brightness/batch_3_1458.png,https://pilotexp.s3.ca-central-1.amazonaws.com/cifar10/IMG_TRANSFORMED/brightness/batch_3_1458.png,brightness,not car,not car,1,0.856817811
133,https://pilotexp.s3.ca-central-1.amazonaws.com/cifar10/IMG_ORIGINAL/brightness/batch_3_1466.png,https://pilotexp.s3.ca-central-1.amazonaws.com/cifar10/IMG_TRANSFORMED/brightness/batch_3_1466.png,brightness,not car,not car,1,0.302688847
134,https://pilotexp.s3.ca-central-1.amazonaws.com/cifar10/IMG_ORIGINAL/brightness/batch_3_162.png,https://pilotexp.s3.ca-central-1.amazonaws.com/cifar10/IMG_TRANSFORMED/brightness/batch_3_162.png,brightness,car,car,1,0.631827809
135,https://pilotexp.s3.ca-central-1.amazonaws.com/cifar10/IMG_ORIGINAL/brightness/batch_3_1660.png,https://pilotexp.s3.ca-central-1.amazonaws.com/cifar10/IMG_TRANSFORMED/brightness/batch_3_1660.png,brightness,not car,not car,1,0.910689964
136,https://pilotexp.s3.ca-central-1.amazonaws.com/cifar10/IMG_ORIGINAL/brightness/batch_3_170.png,https://pilotexp.s3.ca-central-1.amazonaws.com/cifar10/IMG_TRANSFORMED/brightness/batch_3_170.png,brightness,not car,not car,1,0.60183528
137,https://pilotexp.s3.ca-central-1.amazonaws.com/cifar10/IMG_ORIGINAL/brightness/batch_3_1777.png,https://pilotexp.s3.ca-central-1.amazonaws.com/cifar10/IMG_TRANSFORMED/brightness/batch_3_1777.png,brightness,not car,not car,1,0.481179275
138,https://pilotexp.s3.ca-central-1.amazonaws.com/cifar10/IMG_ORIGINAL/brightness/batch_3_1864.png,https://pilotexp.s3.ca-central-1.amazonaws.com/cifar10/IMG_TRANSFORMED/brightness/batch_3_1864.png,brightness,not car,not car,1,0.214010248
139,https://pilotexp.s3.ca-central-1.amazonaws.com/cifar10/IMG_ORIGINAL/brightness/batch_3_2093.png,https://pilotexp.s3.ca-central-1.amazonaws.com/cifar10/IMG_TRANSFORMED/brightness/batch_3_2093.png,brightness,car,car,1,0.572505104
140,https://pilotexp.s3.ca-central-1.amazonaws.com/cifar10/IMG_ORIGINAL/brightness/batch_3_2250.png,https://pilotexp.s3.ca-central-1.amazonaws.com/cifar10/IMG_TRANSFORMED/brightness/batch_3_2250.png,brightness,not car,not car,1,0.408788058
141,https://pilotexp.s3.ca-central-1.amazonaws.com/cifar10/IMG_ORIGINAL/brightness/batch_3_2253.png,https://pilotexp.s3.ca-central-1.amazonaws.com/cifar10/IMG_TRANSFORMED/brightness/batch_3_2253.png,brightness,not car,not car,1,0.39487579
142,https://pilotexp.s3.ca-central-1.amazonaws.com/cifar10/IMG_ORIGINAL/brightness/batch_3_2286.png,https://pilotexp.s3.ca-central-1.amazonaws.com/cifar10/IMG_TRANSFORMED/brightness/batch_3_2286.png,brightness,not car,not car,1,0.392730822
143,https://pilotexp.s3.ca-central-1.amazonaws.com/cifar10/IMG_ORIGINAL/brightness/batch_3_2349.png,https://pilotexp.s3.ca-central-1.amazonaws.com/cifar10/IMG_TRANSFORMED/brightness/batch_3_2349.png,brightness,car,not car,0,0.110155694
144,https://pilotexp.s3.ca-central-1.amazonaws.com/cifar10/IMG_ORIGINAL/brightness/batch_3_2369.png,https://pilotexp.s3.ca-central-1.amazonaws.com/cifar10/IMG_TRANSFORMED/brightness/batch_3_2369.png,brightness,not car,not car,1,0.208296538
145,https://pilotexp.s3.ca-central-1.amazonaws.com/cifar10/IMG_ORIGINAL/brightness/batch_3_239.png,https://pilotexp.s3.ca-central-1.amazonaws.com/cifar10/IMG_TRANSFORMED/brightness/batch_3_239.png,brightness,not car,not car,1,0.937915321
146,https://pilotexp.s3.ca-central-1.amazonaws.com/cifar10/IMG_ORIGINAL/brightness/batch_3_2667.png,https://pilotexp.s3.ca-central-1.amazonaws.com/cifar10/IMG_TRANSFORMED/brightness/batch_3_2667.png,brightness,not car,not car,1,0.959310508
147,https://pilotexp.s3.ca-central-1.amazonaws.com/cifar10/IMG_ORIGINAL/brightness/batch_3_2715.png,https://pilotexp.s3.ca-central-1.amazonaws.com/cifar10/IMG_TRANSFORMED/brightness/batch_3_2715.png,brightness,not car,not car,1,0.197029759
148,https://pilotexp.s3.ca-central-1.amazonaws.com/cifar10/IMG_ORIGINAL/brightness/batch_3_3045.png,https://pilotexp.s3.ca-central-1.amazonaws.com/cifar10/IMG_TRANSFORMED/brightness/batch_3_3045.png,brightness,not car,not car,1,0.801709479
149,https://pilotexp.s3.ca-central-1.amazonaws.com/cifar10/IMG_ORIGINAL/brightness/batch_3_3080.png,https://pilotexp.s3.ca-central-1.amazonaws.com/cifar10/IMG_TRANSFORMED/brightness/batch_3_3080.png,brightness,not car,not car,1,0.270477589
150,https://pilotexp.s3.ca-central-1.amazonaws.com/cifar10/IMG_ORIGINAL/brightness/batch_3_3126.png,https://pilotexp.s3.ca-central-1.amazonaws.com/cifar10/IMG_TRANSFORMED/brightness/batch_3_3126.png,brightness,not car,not car,1,0.101271814
151,https://pilotexp.s3.ca-central-1.amazonaws.com/cifar10/IMG_ORIGINAL/brightness/batch_3_3138.png,https://pilotexp.s3.ca-central-1.amazonaws.com/cifar10/IMG_TRANSFORMED/brightness/batch_3_3138.png,brightness,not car,not car,1,0.213425925
152,https://pilotexp.s3.ca-central-1.amazonaws.com/cifar10/IMG_ORIGINAL/brightness/batch_3_3248.png,https://pilotexp.s3.ca-central-1.amazonaws.com/cifar10/IMG_TRANSFORMED/brightness/batch_3_3248.png,brightness,car,car,1,0.522985217
153,https://pilotexp.s3.ca-central-1.amazonaws.com/cifar10/IMG_ORIGINAL/brightness/batch_3_3331.png,https://pilotexp.s3.ca-central-1.amazonaws.com/cifar10/IMG_TRANSFORMED/brightness/batch_3_3331.png,brightness,not car,not car,1,0.54023411
154,https://pilotexp.s3.ca-central-1.amazonaws.com/cifar10/IMG_ORIGINAL/brightness/batch_3_3396.png,https://pilotexp.s3.ca-central-1.amazonaws.com/cifar10/IMG_TRANSFORMED/brightness/batch_3_3396.png,brightness,car,car,1,0.279258767
155,https://pilotexp.s3.ca-central-1.amazonaws.com/cifar10/IMG_ORIGINAL/brightness/batch_3_3478.png,https://pilotexp.s3.ca-central-1.amazonaws.com/cifar10/IMG_TRANSFORMED/brightness/batch_3_3478.png,brightness,not car,not car,1,0.207331228
156,https://pilotexp.s3.ca-central-1.amazonaws.com/cifar10/IMG_ORIGINAL/brightness/batch_3_3482.png,https://pilotexp.s3.ca-central-1.amazonaws.com/cifar10/IMG_TRANSFORMED/brightness/batch_3_3482.png,brightness,not car,not car,1,0.853736269
157,https://pilotexp.s3.ca-central-1.amazonaws.com/cifar10/IMG_ORIGINAL/brightness/batch_3_3623.png,https://pilotexp.s3.ca-central-1.amazonaws.com/cifar10/IMG_TRANSFORMED/brightness/batch_3_3623.png,brightness,not car,not car,1,0.971955333
158,https://pilotexp.s3.ca-central-1.amazonaws.com/cifar10/IMG_ORIGINAL/brightness/batch_3_3913.png,https://pilotexp.s3.ca-central-1.amazonaws.com/cifar10/IMG_TRANSFORMED/brightness/batch_3_3913.png,brightness,not car,not car,1,0.757245481
159,https://pilotexp.s3.ca-central-1.amazonaws.com/cifar10/IMG_ORIGINAL/brightness/batch_3_3977.png,https://pilotexp.s3.ca-central-1.amazonaws.com/cifar10/IMG_TRANSFORMED/brightness/batch_3_3977.png,brightness,not car,not car,1,0.665476278
160,https://pilotexp.s3.ca-central-1.amazonaws.com/cifar10/IMG_ORIGINAL/brightness/batch_3_3992.png,https://pilotexp.s3.ca-central-1.amazonaws.com/cifar10/IMG_TRANSFORMED/brightness/batch_3_3992.png,brightness,not car,not car,1,0.27687187
161,https://pilotexp.s3.ca-central-1.amazonaws.com/cifar10/IMG_ORIGINAL/brightness/batch_3_400.png,https://pilotexp.s3.ca-central-1.amazonaws.com/cifar10/IMG_TRANSFORMED/brightness/batch_3_400.png,brightness,not car,not car,1,0.148706881
162,https://pilotexp.s3.ca-central-1.amazonaws.com/cifar10/IMG_ORIGINAL/brightness/batch_3_4003.png,https://pilotexp.s3.ca-central-1.amazonaws.com/cifar10/IMG_TRANSFORMED/brightness/batch_3_4003.png,brightness,car,car,1,0.748249577
163,https://pilotexp.s3.ca-central-1.amazonaws.com/cifar10/IMG_ORIGINAL/brightness/batch_3_4058.png,https://pilotexp.s3.ca-central-1.amazonaws.com/cifar10/IMG_TRANSFORMED/brightness/batch_3_4058.png,brightness,not car,not car,1,0.368734953
164,https://pilotexp.s3.ca-central-1.amazonaws.com/cifar10/IMG_ORIGINAL/brightness/batch_3_4206.png,https://pilotexp.s3.ca-central-1.amazonaws.com/cifar10/IMG_TRANSFORMED/brightness/batch_3_4206.png,brightness,car,car,1,0.293644145
165,https://pilotexp.s3.ca-central-1.amazonaws.com/cifar10/IMG_ORIGINAL/brightness/batch_3_4224.png,https://pilotexp.s3.ca-central-1.amazonaws.com/cifar10/IMG_TRANSFORMED/brightness/batch_3_4224.png,brightness,car,car,1,0.389478035
166,https://pilotexp.s3.ca-central-1.amazonaws.com/cifar10/IMG_ORIGINAL/brightness/batch_3_4272.png,https://pilotexp.s3.ca-central-1.amazonaws.com/cifar10/IMG_TRANSFORMED/brightness/batch_3_4272.png,brightness,car,not car,0,0.591966499
167,https://pilotexp.s3.ca-central-1.amazonaws.com/cifar10/IMG_ORIGINAL/brightness/batch_3_4315.png,https://pilotexp.s3.ca-central-1.amazonaws.com/cifar10/IMG_TRANSFORMED/brightness/batch_3_4315.png,brightness,car,not car,0,0.808573656
168,https://pilotexp.s3.ca-central-1.amazonaws.com/cifar10/IMG_ORIGINAL/brightness/batch_3_4332.png,https://pilotexp.s3.ca-central-1.amazonaws.com/cifar10/IMG_TRANSFORMED/brightness/batch_3_4332.png,brightness,not car,not car,1,0.111322029
169,https://pilotexp.s3.ca-central-1.amazonaws.com/cifar10/IMG_ORIGINAL/brightness/batch_3_444.png,https://pilotexp.s3.ca-central-1.amazonaws.com/cifar10/IMG_TRANSFORMED/brightness/batch_3_444.png,brightness,car,car,1,0.181973004
170,https://pilotexp.s3.ca-central-1.amazonaws.com/cifar10/IMG_ORIGINAL/brightness/batch_3_448.png,https://pilotexp.s3.ca-central-1.amazonaws.com/cifar10/IMG_TRANSFORMED/brightness/batch_3_448.png,brightness,not car,not car,1,0.96138086
171,https://pilotexp.s3.ca-central-1.amazonaws.com/cifar10/IMG_ORIGINAL/brightness/batch_3_4480.png,https://pilotexp.s3.ca-central-1.amazonaws.com/cifar10/IMG_TRANSFORMED/brightness/batch_3_4480.png,brightness,car,car,1,0.52582037
172,https://pilotexp.s3.ca-central-1.amazonaws.com/cifar10/IMG_ORIGINAL/brightness/batch_3_4489.png,https://pilotexp.s3.ca-central-1.amazonaws.com/cifar10/IMG_TRANSFORMED/brightness/batch_3_4489.png,brightness,not car,not car,1,0.317731082
173,https://pilotexp.s3.ca-central-1.amazonaws.com/cifar10/IMG_ORIGINAL/brightness/batch_3_4583.png,https://pilotexp.s3.ca-central-1.amazonaws.com/cifar10/IMG_TRANSFORMED/brightness/batch_3_4583.png,brightness,not car,not car,1,8.43E-05
174,https://pilotexp.s3.ca-central-1.amazonaws.com/cifar10/IMG_ORIGINAL/brightness/batch_3_471.png,https://pilotexp.s3.ca-central-1.amazonaws.com/cifar10/IMG_TRANSFORMED/brightness/batch_3_471.png,brightness,not car,not car,1,0.306750504
175,https://pilotexp.s3.ca-central-1.amazonaws.com/cifar10/IMG_ORIGINAL/brightness/batch_3_4755.png,https://pilotexp.s3.ca-central-1.amazonaws.com/cifar10/IMG_TRANSFORMED/brightness/batch_3_4755.png,brightness,not car,not car,1,0.910429856
176,https://pilotexp.s3.ca-central-1.amazonaws.com/cifar10/IMG_ORIGINAL/brightness/batch_3_4845.png,https://pilotexp.s3.ca-central-1.amazonaws.com/cifar10/IMG_TRANSFORMED/brightness/batch_3_4845.png,brightness,not car,not car,1,0.355816655
177,https://pilotexp.s3.ca-central-1.amazonaws.com/cifar10/IMG_ORIGINAL/brightness/batch_3_4848.png,https://pilotexp.s3.ca-central-1.amazonaws.com/cifar10/IMG_TRANSFORMED/brightness/batch_3_4848.png,brightness,not car,not car,1,0.230637546
178,https://pilotexp.s3.ca-central-1.amazonaws.com/cifar10/IMG_ORIGINAL/brightness/batch_3_4873.png,https://pilotexp.s3.ca-central-1.amazonaws.com/cifar10/IMG_TRANSFORMED/brightness/batch_3_4873.png,brightness,car,car,1,0.227122752
179,https://pilotexp.s3.ca-central-1.amazonaws.com/cifar10/IMG_ORIGINAL/brightness/batch_3_491.png,https://pilotexp.s3.ca-central-1.amazonaws.com/cifar10/IMG_TRANSFORMED/brightness/batch_3_491.png,brightness,not car,not car,1,0.200107469
180,https://pilotexp.s3.ca-central-1.amazonaws.com/cifar10/IMG_ORIGINAL/brightness/batch_3_5005.png,https://pilotexp.s3.ca-central-1.amazonaws.com/cifar10/IMG_TRANSFORMED/brightness/batch_3_5005.png,brightness,not car,not car,1,0.378145834
181,https://pilotexp.s3.ca-central-1.amazonaws.com/cifar10/IMG_ORIGINAL/brightness/batch_3_516.png,https://pilotexp.s3.ca-central-1.amazonaws.com/cifar10/IMG_TRANSFORMED/brightness/batch_3_516.png,brightness,car,not car,0,0.11914485
182,https://pilotexp.s3.ca-central-1.amazonaws.com/cifar10/IMG_ORIGINAL/brightness/batch_3_5444.png,https://pilotexp.s3.ca-central-1.amazonaws.com/cifar10/IMG_TRANSFORMED/brightness/batch_3_5444.png,brightness,not car,not car,1,0.828073567
183,https://pilotexp.s3.ca-central-1.amazonaws.com/cifar10/IMG_ORIGINAL/brightness/batch_3_55.png,https://pilotexp.s3.ca-central-1.amazonaws.com/cifar10/IMG_TRANSFORMED/brightness/batch_3_55.png,brightness,not car,not car,1,0.829850345
184,https://pilotexp.s3.ca-central-1.amazonaws.com/cifar10/IMG_ORIGINAL/brightness/batch_3_5571.png,https://pilotexp.s3.ca-central-1.amazonaws.com/cifar10/IMG_TRANSFORMED/brightness/batch_3_5571.png,brightness,not car,not car,1,0.826624225
185,https://pilotexp.s3.ca-central-1.amazonaws.com/cifar10/IMG_ORIGINAL/brightness/batch_3_5602.png,https://pilotexp.s3.ca-central-1.amazonaws.com/cifar10/IMG_TRANSFORMED/brightness/batch_3_5602.png,brightness,not car,not car,1,0.215961814
186,https://pilotexp.s3.ca-central-1.amazonaws.com/cifar10/IMG_ORIGINAL/brightness/batch_3_5813.png,https://pilotexp.s3.ca-central-1.amazonaws.com/cifar10/IMG_TRANSFORMED/brightness/batch_3_5813.png,brightness,not car,not car,1,0.974752397
187,https://pilotexp.s3.ca-central-1.amazonaws.com/cifar10/IMG_ORIGINAL/brightness/batch_3_6050.png,https://pilotexp.s3.ca-central-1.amazonaws.com/cifar10/IMG_TRANSFORMED/brightness/batch_3_6050.png,brightness,car,car,1,0.167535883
188,https://pilotexp.s3.ca-central-1.amazonaws.com/cifar10/IMG_ORIGINAL/brightness/batch_3_633.png,https://pilotexp.s3.ca-central-1.amazonaws.com/cifar10/IMG_TRANSFORMED/brightness/batch_3_633.png,brightness,not car,not car,1,0.076793759
189,https://pilotexp.s3.ca-central-1.amazonaws.com/cifar10/IMG_ORIGINAL/brightness/batch_3_6519.png,https://pilotexp.s3.ca-central-1.amazonaws.com/cifar10/IMG_TRANSFORMED/brightness/batch_3_6519.png,brightness,car,car,1,0.898713292
190,https://pilotexp.s3.ca-central-1.amazonaws.com/cifar10/IMG_ORIGINAL/brightness/batch_3_6820.png,https://pilotexp.s3.ca-central-1.amazonaws.com/cifar10/IMG_TRANSFORMED/brightness/batch_3_6820.png,brightness,not car,not car,1,0.218993073
191,https://pilotexp.s3.ca-central-1.amazonaws.com/cifar10/IMG_ORIGINAL/brightness/batch_3_6833.png,https://pilotexp.s3.ca-central-1.amazonaws.com/cifar10/IMG_TRANSFORMED/brightness/batch_3_6833.png,brightness,not car,not car,1,0.983445001
192,https://pilotexp.s3.ca-central-1.amazonaws.com/cifar10/IMG_ORIGINAL/brightness/batch_3_7073.png,https://pilotexp.s3.ca-central-1.amazonaws.com/cifar10/IMG_TRANSFORMED/brightness/batch_3_7073.png,brightness,car,car,1,0.470548058
193,https://pilotexp.s3.ca-central-1.amazonaws.com/cifar10/IMG_ORIGINAL/brightness/batch_3_7183.png,https://pilotexp.s3.ca-central-1.amazonaws.com/cifar10/IMG_TRANSFORMED/brightness/batch_3_7183.png,brightness,not car,not car,1,0.309798852
194,https://pilotexp.s3.ca-central-1.amazonaws.com/cifar10/IMG_ORIGINAL/brightness/batch_3_7249.png,https://pilotexp.s3.ca-central-1.amazonaws.com/cifar10/IMG_TRANSFORMED/brightness/batch_3_7249.png,brightness,car,not car,0,0.159048232
195,https://pilotexp.s3.ca-central-1.amazonaws.com/cifar10/IMG_ORIGINAL/brightness/batch_3_7289.png,https://pilotexp.s3.ca-central-1.amazonaws.com/cifar10/IMG_TRANSFORMED/brightness/batch_3_7289.png,brightness,not car,not car,1,0.523468181
196,https://pilotexp.s3.ca-central-1.amazonaws.com/cifar10/IMG_ORIGINAL/brightness/batch_3_7843.png,https://pilotexp.s3.ca-central-1.amazonaws.com/cifar10/IMG_TRANSFORMED/brightness/batch_3_7843.png,brightness,not car,not car,1,0.193843109
197,https://pilotexp.s3.ca-central-1.amazonaws.com/cifar10/IMG_ORIGINAL/brightness/batch_3_7973.png,https://pilotexp.s3.ca-central-1.amazonaws.com/cifar10/IMG_TRANSFORMED/brightness/batch_3_7973.png,brightness,not car,not car,1,0.154670103
198,https://pilotexp.s3.ca-central-1.amazonaws.com/cifar10/IMG_ORIGINAL/brightness/batch_3_8530.png,https://pilotexp.s3.ca-central-1.amazonaws.com/cifar10/IMG_TRANSFORMED/brightness/batch_3_8530.png,brightness,car,car,1,0.205162744
199,https://pilotexp.s3.ca-central-1.amazonaws.com/cifar10/IMG_ORIGINAL/brightness/batch_3_8569.png,https://pilotexp.s3.ca-central-1.amazonaws.com/cifar10/IMG_TRANSFORMED/brightness/batch_3_8569.png,brightness,not car,not car,1,0.342110447
200,https://pilotexp.s3.ca-central-1.amazonaws.com/cifar10/IMG_ORIGINAL/brightness/batch_3_8833.png,https://pilotexp.s3.ca-central-1.amazonaws.com/cifar10/IMG_TRANSFORMED/brightness/batch_3_8833.png,brightness,not car,not car,1,0.757934415
201,https://pilotexp.s3.ca-central-1.amazonaws.com/cifar10/IMG_ORIGINAL/brightness/batch_3_8954.png,https://pilotexp.s3.ca-central-1.amazonaws.com/cifar10/IMG_TRANSFORMED/brightness/batch_3_8954.png,brightness,not car,car,0,0.280148782
202,https://pilotexp.s3.ca-central-1.amazonaws.com/cifar10/IMG_ORIGINAL/brightness/batch_3_8993.png,https://pilotexp.s3.ca-central-1.amazonaws.com/cifar10/IMG_TRANSFORMED/brightness/batch_3_8993.png,brightness,not car,not car,1,0.873691928
203,https://pilotexp.s3.ca-central-1.amazonaws.com/cifar10/IMG_ORIGINAL/brightness/batch_3_9146.png,https://pilotexp.s3.ca-central-1.amazonaws.com/cifar10/IMG_TRANSFORMED/brightness/batch_3_9146.png,brightness,car,not car,0,0.120633686
204,https://pilotexp.s3.ca-central-1.amazonaws.com/cifar10/IMG_ORIGINAL/brightness/batch_3_9397.png,https://pilotexp.s3.ca-central-1.amazonaws.com/cifar10/IMG_TRANSFORMED/brightness/batch_3_9397.png,brightness,not car,not car,1,0.255733455
205,https://pilotexp.s3.ca-central-1.amazonaws.com/cifar10/IMG_ORIGINAL/brightness/batch_3_9519.png,https://pilotexp.s3.ca-central-1.amazonaws.com/cifar10/IMG_TRANSFORMED/brightness/batch_3_9519.png,brightness,car,car,1,0.298173643
206,https://pilotexp.s3.ca-central-1.amazonaws.com/cifar10/IMG_ORIGINAL/brightness/batch_3_9733.png,https://pilotexp.s3.ca-central-1.amazonaws.com/cifar10/IMG_TRANSFORMED/brightness/batch_3_9733.png,brightness,not car,not car,1,0.250493053
207,https://pilotexp.s3.ca-central-1.amazonaws.com/cifar10/IMG_ORIGINAL/brightness/batch_3_9777.png,https://pilotexp.s3.ca-central-1.amazonaws.com/cifar10/IMG_TRANSFORMED/brightness/batch_3_9777.png,brightness,car,car,1,0.203181914
208,https://pilotexp.s3.ca-central-1.amazonaws.com/cifar10/IMG_ORIGINAL/brightness/batch_3_9839.png,https://pilotexp.s3.ca-central-1.amazonaws.com/cifar10/IMG_TRANSFORMED/brightness/batch_3_9839.png,brightness,not car,not car,1,0.916801429
209,https://pilotexp.s3.ca-central-1.amazonaws.com/cifar10/IMG_ORIGINAL/brightness/batch_4_117.png,https://pilotexp.s3.ca-central-1.amazonaws.com/cifar10/IMG_TRANSFORMED/brightness/batch_4_117.png,brightness,not car,not car,1,0.862166693
210,https://pilotexp.s3.ca-central-1.amazonaws.com/cifar10/IMG_ORIGINAL/brightness/batch_4_1360.png,https://pilotexp.s3.ca-central-1.amazonaws.com/cifar10/IMG_TRANSFORMED/brightness/batch_4_1360.png,brightness,not car,not car,1,0.227390112
211,https://pilotexp.s3.ca-central-1.amazonaws.com/cifar10/IMG_ORIGINAL/brightness/batch_4_1479.png,https://pilotexp.s3.ca-central-1.amazonaws.com/cifar10/IMG_TRANSFORMED/brightness/batch_4_1479.png,brightness,not car,not car,1,0.113002587
212,https://pilotexp.s3.ca-central-1.amazonaws.com/cifar10/IMG_ORIGINAL/brightness/batch_4_1599.png,https://pilotexp.s3.ca-central-1.amazonaws.com/cifar10/IMG_TRANSFORMED/brightness/batch_4_1599.png,brightness,car,not car,0,0.163522708
213,https://pilotexp.s3.ca-central-1.amazonaws.com/cifar10/IMG_ORIGINAL/brightness/batch_4_1785.png,https://pilotexp.s3.ca-central-1.amazonaws.com/cifar10/IMG_TRANSFORMED/brightness/batch_4_1785.png,brightness,not car,not car,1,0.528419387
214,https://pilotexp.s3.ca-central-1.amazonaws.com/cifar10/IMG_ORIGINAL/brightness/batch_4_179.png,https://pilotexp.s3.ca-central-1.amazonaws.com/cifar10/IMG_TRANSFORMED/brightness/batch_4_179.png,brightness,car,car,1,0.412107514
215,https://pilotexp.s3.ca-central-1.amazonaws.com/cifar10/IMG_ORIGINAL/brightness/batch_4_1962.png,https://pilotexp.s3.ca-central-1.amazonaws.com/cifar10/IMG_TRANSFORMED/brightness/batch_4_1962.png,brightness,car,not car,0,0.172191244
216,https://pilotexp.s3.ca-central-1.amazonaws.com/cifar10/IMG_ORIGINAL/brightness/batch_4_2738.png,https://pilotexp.s3.ca-central-1.amazonaws.com/cifar10/IMG_TRANSFORMED/brightness/batch_4_2738.png,brightness,car,not car,0,0.437220568
217,https://pilotexp.s3.ca-central-1.amazonaws.com/cifar10/IMG_ORIGINAL/brightness/batch_4_3113.png,https://pilotexp.s3.ca-central-1.amazonaws.com/cifar10/IMG_TRANSFORMED/brightness/batch_4_3113.png,brightness,not car,not car,1,0.599112699
218,https://pilotexp.s3.ca-central-1.amazonaws.com/cifar10/IMG_ORIGINAL/brightness/batch_4_3189.png,https://pilotexp.s3.ca-central-1.amazonaws.com/cifar10/IMG_TRANSFORMED/brightness/batch_4_3189.png,brightness,not car,not car,1,0.780319855
219,https://pilotexp.s3.ca-central-1.amazonaws.com/cifar10/IMG_ORIGINAL/brightness/batch_4_3271.png,https://pilotexp.s3.ca-central-1.amazonaws.com/cifar10/IMG_TRANSFORMED/brightness/batch_4_3271.png,brightness,car,car,1,0.118162419
220,https://pilotexp.s3.ca-central-1.amazonaws.com/cifar10/IMG_ORIGINAL/brightness/batch_4_330.png,https://pilotexp.s3.ca-central-1.amazonaws.com/cifar10/IMG_TRANSFORMED/brightness/batch_4_330.png,brightness,not car,not car,1,0.795179794
221,https://pilotexp.s3.ca-central-1.amazonaws.com/cifar10/IMG_ORIGINAL/brightness/batch_4_3305.png,https://pilotexp.s3.ca-central-1.amazonaws.com/cifar10/IMG_TRANSFORMED/brightness/batch_4_3305.png,brightness,car,not car,0,0.207726951
222,https://pilotexp.s3.ca-central-1.amazonaws.com/cifar10/IMG_ORIGINAL/brightness/batch_4_3399.png,https://pilotexp.s3.ca-central-1.amazonaws.com/cifar10/IMG_TRANSFORMED/brightness/batch_4_3399.png,brightness,car,car,1,0.181985908
223,https://pilotexp.s3.ca-central-1.amazonaws.com/cifar10/IMG_ORIGINAL/brightness/batch_4_351.png,https://pilotexp.s3.ca-central-1.amazonaws.com/cifar10/IMG_TRANSFORMED/brightness/batch_4_351.png,brightness,car,car,1,0.829723379
224,https://pilotexp.s3.ca-central-1.amazonaws.com/cifar10/IMG_ORIGINAL/brightness/batch_4_3523.png,https://pilotexp.s3.ca-central-1.amazonaws.com/cifar10/IMG_TRANSFORMED/brightness/batch_4_3523.png,brightness,not car,not car,1,0.380636653
225,https://pilotexp.s3.ca-central-1.amazonaws.com/cifar10/IMG_ORIGINAL/brightness/batch_4_356.png,https://pilotexp.s3.ca-central-1.amazonaws.com/cifar10/IMG_TRANSFORMED/brightness/batch_4_356.png,brightness,not car,not car,1,0.960281816
226,https://pilotexp.s3.ca-central-1.amazonaws.com/cifar10/IMG_ORIGINAL/brightness/batch_4_3613.png,https://pilotexp.s3.ca-central-1.amazonaws.com/cifar10/IMG_TRANSFORMED/brightness/batch_4_3613.png,brightness,not car,not car,1,0.163245905
227,https://pilotexp.s3.ca-central-1.amazonaws.com/cifar10/IMG_ORIGINAL/brightness/batch_4_3678.png,https://pilotexp.s3.ca-central-1.amazonaws.com/cifar10/IMG_TRANSFORMED/brightness/batch_4_3678.png,brightness,not car,not car,1,0.89183441
228,https://pilotexp.s3.ca-central-1.amazonaws.com/cifar10/IMG_ORIGINAL/brightness/batch_4_3855.png,https://pilotexp.s3.ca-central-1.amazonaws.com/cifar10/IMG_TRANSFORMED/brightness/batch_4_3855.png,brightness,not car,not car,1,0.402739925
229,https://pilotexp.s3.ca-central-1.amazonaws.com/cifar10/IMG_ORIGINAL/brightness/batch_4_4122.png,https://pilotexp.s3.ca-central-1.amazonaws.com/cifar10/IMG_TRANSFORMED/brightness/batch_4_4122.png,brightness,not car,not car,1,0.716550232
230,https://pilotexp.s3.ca-central-1.amazonaws.com/cifar10/IMG_ORIGINAL/brightness/batch_4_4235.png,https://pilotexp.s3.ca-central-1.amazonaws.com/cifar10/IMG_TRANSFORMED/brightness/batch_4_4235.png,brightness,not car,not car,1,0.213929433
231,https://pilotexp.s3.ca-central-1.amazonaws.com/cifar10/IMG_ORIGINAL/brightness/batch_4_4247.png,https://pilotexp.s3.ca-central-1.amazonaws.com/cifar10/IMG_TRANSFORMED/brightness/batch_4_4247.png,brightness,not car,not car,1,0.248970699
232,https://pilotexp.s3.ca-central-1.amazonaws.com/cifar10/IMG_ORIGINAL/brightness/batch_4_4256.png,https://pilotexp.s3.ca-central-1.amazonaws.com/cifar10/IMG_TRANSFORMED/brightness/batch_4_4256.png,brightness,not car,not car,1,0.129427786
233,https://pilotexp.s3.ca-central-1.amazonaws.com/cifar10/IMG_ORIGINAL/brightness/batch_4_4341.png,https://pilotexp.s3.ca-central-1.amazonaws.com/cifar10/IMG_TRANSFORMED/brightness/batch_4_4341.png,brightness,not car,not car,1,0.161352377
234,https://pilotexp.s3.ca-central-1.amazonaws.com/cifar10/IMG_ORIGINAL/brightness/batch_4_4898.png,https://pilotexp.s3.ca-central-1.amazonaws.com/cifar10/IMG_TRANSFORMED/brightness/batch_4_4898.png,brightness,not car,not car,1,0.894419579
235,https://pilotexp.s3.ca-central-1.amazonaws.com/cifar10/IMG_ORIGINAL/brightness/batch_4_5016.png,https://pilotexp.s3.ca-central-1.amazonaws.com/cifar10/IMG_TRANSFORMED/brightness/batch_4_5016.png,brightness,car,not car,0,0.395695796
236,https://pilotexp.s3.ca-central-1.amazonaws.com/cifar10/IMG_ORIGINAL/brightness/batch_4_5039.png,https://pilotexp.s3.ca-central-1.amazonaws.com/cifar10/IMG_TRANSFORMED/brightness/batch_4_5039.png,brightness,not car,not car,1,0.632495166
237,https://pilotexp.s3.ca-central-1.amazonaws.com/cifar10/IMG_ORIGINAL/brightness/batch_4_5048.png,https://pilotexp.s3.ca-central-1.amazonaws.com/cifar10/IMG_TRANSFORMED/brightness/batch_4_5048.png,brightness,car,car,1,0.226818224
238,https://pilotexp.s3.ca-central-1.amazonaws.com/cifar10/IMG_ORIGINAL/brightness/batch_4_5294.png,https://pilotexp.s3.ca-central-1.amazonaws.com/cifar10/IMG_TRANSFORMED/brightness/batch_4_5294.png,brightness,not car,not car,1,0.032679013
239,https://pilotexp.s3.ca-central-1.amazonaws.com/cifar10/IMG_ORIGINAL/brightness/batch_4_5372.png,https://pilotexp.s3.ca-central-1.amazonaws.com/cifar10/IMG_TRANSFORMED/brightness/batch_4_5372.png,brightness,car,car,1,0.801500838
240,https://pilotexp.s3.ca-central-1.amazonaws.com/cifar10/IMG_ORIGINAL/brightness/batch_4_5392.png,https://pilotexp.s3.ca-central-1.amazonaws.com/cifar10/IMG_TRANSFORMED/brightness/batch_4_5392.png,brightness,not car,not car,1,0.993687127
241,https://pilotexp.s3.ca-central-1.amazonaws.com/cifar10/IMG_ORIGINAL/brightness/batch_4_5500.png,https://pilotexp.s3.ca-central-1.amazonaws.com/cifar10/IMG_TRANSFORMED/brightness/batch_4_5500.png,brightness,not car,not car,1,0.187375349
242,https://pilotexp.s3.ca-central-1.amazonaws.com/cifar10/IMG_ORIGINAL/brightness/batch_4_5551.png,https://pilotexp.s3.ca-central-1.amazonaws.com/cifar10/IMG_TRANSFORMED/brightness/batch_4_5551.png,brightness,not car,not car,1,0.266939328
243,https://pilotexp.s3.ca-central-1.amazonaws.com/cifar10/IMG_ORIGINAL/brightness/batch_4_5562.png,https://pilotexp.s3.ca-central-1.amazonaws.com/cifar10/IMG_TRANSFORMED/brightness/batch_4_5562.png,brightness,not car,not car,1,0.337465775
244,https://pilotexp.s3.ca-central-1.amazonaws.com/cifar10/IMG_ORIGINAL/brightness/batch_4_5585.png,https://pilotexp.s3.ca-central-1.amazonaws.com/cifar10/IMG_TRANSFORMED/brightness/batch_4_5585.png,brightness,not car,not car,1,0.164109866
245,https://pilotexp.s3.ca-central-1.amazonaws.com/cifar10/IMG_ORIGINAL/brightness/batch_4_5701.png,https://pilotexp.s3.ca-central-1.amazonaws.com/cifar10/IMG_TRANSFORMED/brightness/batch_4_5701.png,brightness,not car,not car,1,0.261585838
246,https://pilotexp.s3.ca-central-1.amazonaws.com/cifar10/IMG_ORIGINAL/brightness/batch_4_5717.png,https://pilotexp.s3.ca-central-1.amazonaws.com/cifar10/IMG_TRANSFORMED/brightness/batch_4_5717.png,brightness,car,car,1,0.163395558
247,https://pilotexp.s3.ca-central-1.amazonaws.com/cifar10/IMG_ORIGINAL/brightness/batch_4_6290.png,https://pilotexp.s3.ca-central-1.amazonaws.com/cifar10/IMG_TRANSFORMED/brightness/batch_4_6290.png,brightness,not car,not car,1,0.240302249
248,https://pilotexp.s3.ca-central-1.amazonaws.com/cifar10/IMG_ORIGINAL/brightness/batch_4_637.png,https://pilotexp.s3.ca-central-1.amazonaws.com/cifar10/IMG_TRANSFORMED/brightness/batch_4_637.png,brightness,car,car,1,0.646978349
249,https://pilotexp.s3.ca-central-1.amazonaws.com/cifar10/IMG_ORIGINAL/brightness/batch_4_6474.png,https://pilotexp.s3.ca-central-1.amazonaws.com/cifar10/IMG_TRANSFORMED/brightness/batch_4_6474.png,brightness,not car,not car,1,0.105462062
250,https://pilotexp.s3.ca-central-1.amazonaws.com/cifar10/IMG_ORIGINAL/brightness/batch_4_6652.png,https://pilotexp.s3.ca-central-1.amazonaws.com/cifar10/IMG_TRANSFORMED/brightness/batch_4_6652.png,brightness,not car,not car,1,0.480073282
251,https://pilotexp.s3.ca-central-1.amazonaws.com/cifar10/IMG_ORIGINAL/brightness/batch_4_6771.png,https://pilotexp.s3.ca-central-1.amazonaws.com/cifar10/IMG_TRANSFORMED/brightness/batch_4_6771.png,brightness,not car,not car,1,0.349088406
252,https://pilotexp.s3.ca-central-1.amazonaws.com/cifar10/IMG_ORIGINAL/brightness/batch_4_7191.png,https://pilotexp.s3.ca-central-1.amazonaws.com/cifar10/IMG_TRANSFORMED/brightness/batch_4_7191.png,brightness,not car,not car,1,0.377370578
253,https://pilotexp.s3.ca-central-1.amazonaws.com/cifar10/IMG_ORIGINAL/brightness/batch_4_7349.png,https://pilotexp.s3.ca-central-1.amazonaws.com/cifar10/IMG_TRANSFORMED/brightness/batch_4_7349.png,brightness,not car,not car,1,0.894841415
254,https://pilotexp.s3.ca-central-1.amazonaws.com/cifar10/IMG_ORIGINAL/brightness/batch_4_7429.png,https://pilotexp.s3.ca-central-1.amazonaws.com/cifar10/IMG_TRANSFORMED/brightness/batch_4_7429.png,brightness,not car,not car,1,0.031214287
255,https://pilotexp.s3.ca-central-1.amazonaws.com/cifar10/IMG_ORIGINAL/brightness/batch_4_7535.png,https://pilotexp.s3.ca-central-1.amazonaws.com/cifar10/IMG_TRANSFORMED/brightness/batch_4_7535.png,brightness,car,car,1,0.535624244
256,https://pilotexp.s3.ca-central-1.amazonaws.com/cifar10/IMG_ORIGINAL/brightness/batch_4_7720.png,https://pilotexp.s3.ca-central-1.amazonaws.com/cifar10/IMG_TRANSFORMED/brightness/batch_4_7720.png,brightness,not car,not car,1,0.286826587
257,https://pilotexp.s3.ca-central-1.amazonaws.com/cifar10/IMG_ORIGINAL/brightness/batch_4_7979.png,https://pilotexp.s3.ca-central-1.amazonaws.com/cifar10/IMG_TRANSFORMED/brightness/batch_4_7979.png,brightness,car,car,1,0.461891395
258,https://pilotexp.s3.ca-central-1.amazonaws.com/cifar10/IMG_ORIGINAL/brightness/batch_4_8045.png,https://pilotexp.s3.ca-central-1.amazonaws.com/cifar10/IMG_TRANSFORMED/brightness/batch_4_8045.png,brightness,car,not car,0,0.178024282
259,https://pilotexp.s3.ca-central-1.amazonaws.com/cifar10/IMG_ORIGINAL/brightness/batch_4_8174.png,https://pilotexp.s3.ca-central-1.amazonaws.com/cifar10/IMG_TRANSFORMED/brightness/batch_4_8174.png,brightness,car,car,1,0.823514554
260,https://pilotexp.s3.ca-central-1.amazonaws.com/cifar10/IMG_ORIGINAL/brightness/batch_4_8220.png,https://pilotexp.s3.ca-central-1.amazonaws.com/cifar10/IMG_TRANSFORMED/brightness/batch_4_8220.png,brightness,not car,not car,1,0.291915779
261,https://pilotexp.s3.ca-central-1.amazonaws.com/cifar10/IMG_ORIGINAL/brightness/batch_4_8334.png,https://pilotexp.s3.ca-central-1.amazonaws.com/cifar10/IMG_TRANSFORMED/brightness/batch_4_8334.png,brightness,not car,not car,1,0.12901997
262,https://pilotexp.s3.ca-central-1.amazonaws.com/cifar10/IMG_ORIGINAL/brightness/batch_4_8423.png,https://pilotexp.s3.ca-central-1.amazonaws.com/cifar10/IMG_TRANSFORMED/brightness/batch_4_8423.png,brightness,not car,not car,1,0.117113608
263,https://pilotexp.s3.ca-central-1.amazonaws.com/cifar10/IMG_ORIGINAL/brightness/batch_4_8540.png,https://pilotexp.s3.ca-central-1.amazonaws.com/cifar10/IMG_TRANSFORMED/brightness/batch_4_8540.png,brightness,not car,not car,1,0.137056445
264,https://pilotexp.s3.ca-central-1.amazonaws.com/cifar10/IMG_ORIGINAL/brightness/batch_4_8577.png,https://pilotexp.s3.ca-central-1.amazonaws.com/cifar10/IMG_TRANSFORMED/brightness/batch_4_8577.png,brightness,car,car,1,0.427125469
265,https://pilotexp.s3.ca-central-1.amazonaws.com/cifar10/IMG_ORIGINAL/brightness/batch_4_8614.png,https://pilotexp.s3.ca-central-1.amazonaws.com/cifar10/IMG_TRANSFORMED/brightness/batch_4_8614.png,brightness,not car,not car,1,0.893520966
266,https://pilotexp.s3.ca-central-1.amazonaws.com/cifar10/IMG_ORIGINAL/brightness/batch_4_8648.png,https://pilotexp.s3.ca-central-1.amazonaws.com/cifar10/IMG_TRANSFORMED/brightness/batch_4_8648.png,brightness,not car,not car,1,0.547068274
267,https://pilotexp.s3.ca-central-1.amazonaws.com/cifar10/IMG_ORIGINAL/brightness/batch_4_9093.png,https://pilotexp.s3.ca-central-1.amazonaws.com/cifar10/IMG_TRANSFORMED/brightness/batch_4_9093.png,brightness,car,car,1,0.234885808
268,https://pilotexp.s3.ca-central-1.amazonaws.com/cifar10/IMG_ORIGINAL/brightness/batch_4_9436.png,https://pilotexp.s3.ca-central-1.amazonaws.com/cifar10/IMG_TRANSFORMED/brightness/batch_4_9436.png,brightness,not car,not car,1,0.742925432
269,https://pilotexp.s3.ca-central-1.amazonaws.com/cifar10/IMG_ORIGINAL/brightness/batch_4_9515.png,https://pilotexp.s3.ca-central-1.amazonaws.com/cifar10/IMG_TRANSFORMED/brightness/batch_4_9515.png,brightness,not car,not car,1,0.872364725
270,https://pilotexp.s3.ca-central-1.amazonaws.com/cifar10/IMG_ORIGINAL/brightness/batch_4_9659.png,https://pilotexp.s3.ca-central-1.amazonaws.com/cifar10/IMG_TRANSFORMED/brightness/batch_4_9659.png,brightness,not car,not car,1,0.743254018
271,https://pilotexp.s3.ca-central-1.amazonaws.com/cifar10/IMG_ORIGINAL/brightness/batch_4_986.png,https://pilotexp.s3.ca-central-1.amazonaws.com/cifar10/IMG_TRANSFORMED/brightness/batch_4_986.png,brightness,not car,not car,1,0.254774858
272,https://pilotexp.s3.ca-central-1.amazonaws.com/cifar10/IMG_ORIGINAL/brightness/batch_5_1016.png,https://pilotexp.s3.ca-central-1.amazonaws.com/cifar10/IMG_TRANSFORMED/brightness/batch_5_1016.png,brightness,not car,not car,1,0.099390819
273,https://pilotexp.s3.ca-central-1.amazonaws.com/cifar10/IMG_ORIGINAL/brightness/batch_5_1187.png,https://pilotexp.s3.ca-central-1.amazonaws.com/cifar10/IMG_TRANSFORMED/brightness/batch_5_1187.png,brightness,not car,not car,1,0.738230671
274,https://pilotexp.s3.ca-central-1.amazonaws.com/cifar10/IMG_ORIGINAL/brightness/batch_5_1215.png,https://pilotexp.s3.ca-central-1.amazonaws.com/cifar10/IMG_TRANSFORMED/brightness/batch_5_1215.png,brightness,car,car,1,0.281453082
